Id;id_lot;nb_piece;typologie;prix_tva_reduite;prix_tva_normale;prix_HT;prix_m2_HT;prix_m2_TTC;orientation;exterieur;balcony;garden;parking;ville;departement;date_fin_programme;adresse_entiere;date_extraction;surface;etage;nom_programme ;promoteur
0;59_0_L'alcve_Bouygues;3;Appartement;178823;203400.5687;169500.47;2849.71;3419.65;N;FALSE;FALSE;FALSE;1;Clermont-Ferrand;63;01/08/2023;91 RUE DE LA GANTIERE 63000 Clermont-Ferrand;2021-07-21;59;0;L'alcve;Bouygues
1;59_2_L'alcve_Bouygues;3;Appartement;183218;208399.6209;173666.35;2919.74;3503.69;N;FALSE;TRUE;FALSE;1;Clermont-Ferrand;63;01/08/2023;91 RUE DE LA GANTIERE 63000 Clermont-Ferrand;2021-07-21;59;2;L'alcve;Bouygues
2;63_1_L'alcve_Bouygues;3;Appartement;190340;216500.4739;180417.06;2832.74;3399.29;S;FALSE;TRUE;FALSE;1;Clermont-Ferrand;63;01/08/2023;91 RUE DE LA GANTIERE 63000 Clermont-Ferrand;2021-07-21;63;1;L'alcve;Bouygues
3;63_1__1_L'alcve_Bouygues;3;Appartement;192098;218500.0948;182083.41;2876.06;3451.27;SO;FALSE;TRUE;FALSE;1;Clermont-Ferrand;63;01/08/2023;91 RUE DE LA GANTIERE 63000 Clermont-Ferrand;2021-07-21;63;11;L'alcve;Bouygues
4;59_3_L'alcve_Bouygues;3;Appartement;192098;218500.0948;182083.41;3061.25;3673.51;N;FALSE;TRUE;FALSE;1;Clermont-Ferrand;63;01/08/2023;91 RUE DE LA GANTIERE 63000 Clermont-Ferrand;2021-07-21;59;3;L'alcve;Bouygues
5;63_2_L'alcve_Bouygues;3;Appartement;194296;221000.1896;184166.82;2891.61;3469.94;S;FALSE;TRUE;FALSE;1;Clermont-Ferrand;63;01/08/2023;91 RUE DE LA GANTIERE 63000 Clermont-Ferrand;2021-07-21;63;2;L'alcve;Bouygues
6;85_4_L'alcve_Bouygues;4;Appartement;297598;338500.0948;282083.41;3315.9;3979.08;Vue privilégiée;TRUE;FALSE;FALSE;1;Clermont-Ferrand;63;01/08/2023;91 RUE DE LA GANTIERE 63000 Clermont-Ferrand;2021-07-21;85;4;L'alcve;Bouygues
7;48_LesBucoliques_Bouygues;2;Maison;;143000;119166.67;2439.94;2927.93;NO;TRUE;FALSE;FALSE;1;Cournon-d'Auvergne;63;01/02/2023;RUE DE L'AMOURETTE 63800 Cournon-d'Auvergne;2021-07-21;48;;LesBucoliques;Bouygues
8;48__1_LesBucoliques_Bouygues;2;Maison;;146000;121666.67;2491.13;2989.35;NO;TRUE;FALSE;FALSE;1;Cournon-d'Auvergne;63;01/02/2023;RUE DE L'AMOURETTE 63800 Cournon-d'Auvergne;2021-07-21;48;1;LesBucoliques;Bouygues
9;46_2_LesBucoliques_Bouygues;2;Appartement;;156000;130000;2816.29;3379.55;SE;FALSE;FALSE;FALSE;1;Cournon-d'Auvergne;63;01/02/2023;RUE DE L'AMOURETTE 63800 Cournon-d'Auvergne;2021-07-21;46;2;LesBucoliques;Bouygues
10;64_1_LesBucoliques_Bouygues;3;Appartement;;175000;145833.33;2251.9;2702.29;NO;FALSE;FALSE;FALSE;1;Cournon-d'Auvergne;63;01/02/2023;RUE DE L'AMOURETTE 63800 Cournon-d'Auvergne;2021-07-21;64;1;LesBucoliques;Bouygues
11;62_1_LesBucoliques_Bouygues;3;Appartement;;177000;147500;2379.03;2854.84;SO;FALSE;FALSE;FALSE;1;Cournon-d'Auvergne;63;01/02/2023;RUE DE L'AMOURETTE 63800 Cournon-d'Auvergne;2021-07-21;62;1;LesBucoliques;Bouygues
12;68_1_LesBucoliques_Bouygues;3;Appartement;;186000;155000;2279.41;2735.29;NE;FALSE;FALSE;FALSE;1;Cournon-d'Auvergne;63;01/02/2023;RUE DE L'AMOURETTE 63800 Cournon-d'Auvergne;2021-07-21;68;1;LesBucoliques;Bouygues
13;68_1__1_LesBucoliques_Bouygues;3;Appartement;;190000;158333.33;2312.11;2774.53;NE;FALSE;FALSE;FALSE;1;Cournon-d'Auvergne;63;01/02/2023;RUE DE L'AMOURETTE 63800 Cournon-d'Auvergne;2021-07-21;68;11;LesBucoliques;Bouygues
14;64_2_LesBucoliques_Bouygues;3;Appartement;;191000;159166.67;2457.79;2949.35;NO;FALSE;FALSE;FALSE;1;Cournon-d'Auvergne;63;01/02/2023;RUE DE L'AMOURETTE 63800 Cournon-d'Auvergne;2021-07-21;64;2;LesBucoliques;Bouygues
15;68_LesBucoliques_Bouygues;3;Maison;;195000;162500;2380.25;2856.31;SO;FALSE;FALSE;FALSE;1;Cournon-d'Auvergne;63;01/02/2023;RUE DE L'AMOURETTE 63800 Cournon-d'Auvergne;2021-07-21;68;;LesBucoliques;Bouygues
16;68_1__2_LesBucoliques_Bouygues;3;Appartement;;195000;162500;2380.25;2856.31;SO;FALSE;FALSE;FALSE;1;Cournon-d'Auvergne;63;01/02/2023;RUE DE L'AMOURETTE 63800 Cournon-d'Auvergne;2021-07-21;68;12;LesBucoliques;Bouygues
17;72_1_LesBucoliques_Bouygues;3;Appartement;;201000;167500;2325.42;2790.5;SO;FALSE;FALSE;FALSE;1;Cournon-d'Auvergne;63;01/02/2023;RUE DE L'AMOURETTE 63800 Cournon-d'Auvergne;2021-07-21;72;1;LesBucoliques;Bouygues
18;72_1__1_LesBucoliques_Bouygues;3;Appartement;;202000;168333.33;2336.99;2804.39;SO;FALSE;FALSE;FALSE;1;Cournon-d'Auvergne;63;01/02/2023;RUE DE L'AMOURETTE 63800 Cournon-d'Auvergne;2021-07-21;72;11;LesBucoliques;Bouygues
19;66_LesBucoliques_Bouygues;3;Maison;;203000;169166.67;2537.37;3044.85;SO;FALSE;FALSE;FALSE;1;Cournon-d'Auvergne;63;01/02/2023;RUE DE L'AMOURETTE 63800 Cournon-d'Auvergne;2021-07-21;66;;LesBucoliques;Bouygues
20;68_2_LesBucoliques_Bouygues;3;Appartement;;204000;170000;2490.11;2988.14;SO;FALSE;FALSE;FALSE;1;Cournon-d'Auvergne;63;01/02/2023;RUE DE L'AMOURETTE 63800 Cournon-d'Auvergne;2021-07-21;68;2;LesBucoliques;Bouygues
21;72_1__2_LesBucoliques_Bouygues;3;Appartement;;204000;170000;2360.13;2832.15;SO;FALSE;FALSE;FALSE;1;Cournon-d'Auvergne;63;01/02/2023;RUE DE L'AMOURETTE 63800 Cournon-d'Auvergne;2021-07-21;72;12;LesBucoliques;Bouygues
22;62_3_LesBucoliques_Bouygues;3;Appartement;;206000;171666.67;2737.47;3284.96;SO;FALSE;FALSE;FALSE;1;Cournon-d'Auvergne;63;01/02/2023;RUE DE L'AMOURETTE 63800 Cournon-d'Auvergne;2021-07-21;62;3;LesBucoliques;Bouygues
23;72_LesBucoliques_Bouygues;3;Maison;;206000;171666.67;2360.33;2832.39;SO;FALSE;FALSE;FALSE;1;Cournon-d'Auvergne;63;01/02/2023;RUE DE L'AMOURETTE 63800 Cournon-d'Auvergne;2021-07-21;72;;LesBucoliques;Bouygues
24;75_1_LesBucoliques_Bouygues;3;Appartement;;210000;175000;2319.11;2782.93;SO;FALSE;FALSE;FALSE;1;Cournon-d'Auvergne;63;01/02/2023;RUE DE L'AMOURETTE 63800 Cournon-d'Auvergne;2021-07-21;75;1;LesBucoliques;Bouygues
25;61_2_LesBucoliques_Bouygues;3;Appartement;;212000;176666.67;2862.85;3435.42;NE;FALSE;FALSE;FALSE;1;Cournon-d'Auvergne;63;01/02/2023;RUE DE L'AMOURETTE 63800 Cournon-d'Auvergne;2021-07-21;61;2;LesBucoliques;Bouygues
26;60_3_LesBucoliques_Bouygues;3;Appartement;;212000;176666.67;2909.05;3490.86;SO;FALSE;FALSE;FALSE;1;Cournon-d'Auvergne;63;01/02/2023;RUE DE L'AMOURETTE 63800 Cournon-d'Auvergne;2021-07-21;60;3;LesBucoliques;Bouygues
27;67_2_LesBucoliques_Bouygues;3;Appartement;;213000;177500;2619.93;3143.91;SE;FALSE;FALSE;FALSE;1;Cournon-d'Auvergne;63;01/02/2023;RUE DE L'AMOURETTE 63800 Cournon-d'Auvergne;2021-07-21;67;2;LesBucoliques;Bouygues
28;78_1_LesBucoliques_Bouygues;4;Appartement;;213000;177500;2275.64;2730.77;SE;FALSE;FALSE;FALSE;1;Cournon-d'Auvergne;63;01/02/2023;RUE DE L'AMOURETTE 63800 Cournon-d'Auvergne;2021-07-21;78;1;LesBucoliques;Bouygues
29;59_3_LesBucoliques_Bouygues;3;Appartement;;217000;180833.33;3039.22;3647.06;O;FALSE;FALSE;FALSE;1;Cournon-d'Auvergne;63;01/02/2023;RUE DE L'AMOURETTE 63800 Cournon-d'Auvergne;2021-07-21;59;3;LesBucoliques;Bouygues
30;82_LesBucoliques_Bouygues;4;Maison;;218000;181666.67;2215.45;2658.54;SE;FALSE;FALSE;FALSE;1;Cournon-d'Auvergne;63;01/02/2023;RUE DE L'AMOURETTE 63800 Cournon-d'Auvergne;2021-07-21;82;;LesBucoliques;Bouygues
31;81_1_LesBucoliques_Bouygues;4;Appartement;;218000;181666.67;2219.51;2663.41;NE;FALSE;FALSE;FALSE;1;Cournon-d'Auvergne;63;01/02/2023;RUE DE L'AMOURETTE 63800 Cournon-d'Auvergne;2021-07-21;81;1;LesBucoliques;Bouygues
32;84_LesBucoliques_Bouygues;4;Maison;;221000;184166.67;2192.46;2630.95;SE;FALSE;FALSE;FALSE;1;Cournon-d'Auvergne;63;01/02/2023;RUE DE L'AMOURETTE 63800 Cournon-d'Auvergne;2021-07-21;84;;LesBucoliques;Bouygues
33;71_2_LesBucoliques_Bouygues;3;Appartement;;221000;184166.67;2572.52;3087.02;SO;FALSE;FALSE;FALSE;1;Cournon-d'Auvergne;63;01/02/2023;RUE DE L'AMOURETTE 63800 Cournon-d'Auvergne;2021-07-21;71;2;LesBucoliques;Bouygues
34;72_2_LesBucoliques_Bouygues;3;Appartement;;221000;184166.67;2556.81;3068.17;SO;FALSE;FALSE;FALSE;1;Cournon-d'Auvergne;63;01/02/2023;RUE DE L'AMOURETTE 63800 Cournon-d'Auvergne;2021-07-21;72;2;LesBucoliques;Bouygues
35;72_2__1_LesBucoliques_Bouygues;3;Appartement;;222000;185000;2568.37;3082.05;SO;FALSE;FALSE;FALSE;1;Cournon-d'Auvergne;63;01/02/2023;RUE DE L'AMOURETTE 63800 Cournon-d'Auvergne;2021-07-21;72;21;LesBucoliques;Bouygues
36;75_2_LesBucoliques_Bouygues;3;Appartement;;229000;190833.33;2528.93;3034.72;SO;FALSE;FALSE;FALSE;1;Cournon-d'Auvergne;63;01/02/2023;RUE DE L'AMOURETTE 63800 Cournon-d'Auvergne;2021-07-21;75;2;LesBucoliques;Bouygues
37;71_LesBucoliques_Bouygues;3;Maison;;231000;192500;2688.92;3226.71;SO;FALSE;FALSE;FALSE;1;Cournon-d'Auvergne;63;01/02/2023;RUE DE L'AMOURETTE 63800 Cournon-d'Auvergne;2021-07-21;71;;LesBucoliques;Bouygues
38;72__1_LesBucoliques_Bouygues;3;Maison;;232000;193333.33;2684.07;3220.88;SO;FALSE;FALSE;FALSE;1;Cournon-d'Auvergne;63;01/02/2023;RUE DE L'AMOURETTE 63800 Cournon-d'Auvergne;2021-07-21;72;1;LesBucoliques;Bouygues
39;72_3_LesBucoliques_Bouygues;3;Appartement;;232000;193333.33;2684.07;3220.88;SO;FALSE;FALSE;FALSE;1;Cournon-d'Auvergne;63;01/02/2023;RUE DE L'AMOURETTE 63800 Cournon-d'Auvergne;2021-07-21;72;3;LesBucoliques;Bouygues
40;82__1_LesBucoliques_Bouygues;4;Maison;;233000;194166.67;2344.44;2813.33;SE;FALSE;FALSE;FALSE;1;Cournon-d'Auvergne;63;01/02/2023;RUE DE L'AMOURETTE 63800 Cournon-d'Auvergne;2021-07-21;82;1;LesBucoliques;Bouygues
41;89_LesBucoliques_Bouygues;4;Maison;;239000;199166.67;2227.57;2673.08;NO;TRUE;FALSE;FALSE;1;Cournon-d'Auvergne;63;01/02/2023;RUE DE L'AMOURETTE 63800 Cournon-d'Auvergne;2021-07-21;89;;LesBucoliques;Bouygues
42;87_1_LesBucoliques_Bouygues;4;Appartement;;239000;199166.67;2265.32;2718.38;SO;FALSE;FALSE;FALSE;1;Cournon-d'Auvergne;63;01/02/2023;RUE DE L'AMOURETTE 63800 Cournon-d'Auvergne;2021-07-21;87;1;LesBucoliques;Bouygues
43;75_3_LesBucoliques_Bouygues;3;Appartement;;239000;199166.67;2639.37;3167.24;SO;FALSE;FALSE;FALSE;1;Cournon-d'Auvergne;63;01/02/2023;RUE DE L'AMOURETTE 63800 Cournon-d'Auvergne;2021-07-21;75;3;LesBucoliques;Bouygues
44;88_1_LesBucoliques_Bouygues;4;Appartement;;239000;199166.67;2255.06;2706.07;SO;FALSE;FALSE;FALSE;1;Cournon-d'Auvergne;63;01/02/2023;RUE DE L'AMOURETTE 63800 Cournon-d'Auvergne;2021-07-21;88;1;LesBucoliques;Bouygues
45;89_1_LesBucoliques_Bouygues;4;Appartement;;240000;200000;2222.47;2666.96;NO;FALSE;FALSE;TRUE;1;Cournon-d'Auvergne;63;01/02/2023;RUE DE L'AMOURETTE 63800 Cournon-d'Auvergne;2021-07-21;89;1;LesBucoliques;Bouygues
46;87_LesBucoliques_Bouygues;4;Maison;;240000;200000;2274.8;2729.75;SO;FALSE;FALSE;FALSE;1;Cournon-d'Auvergne;63;01/02/2023;RUE DE L'AMOURETTE 63800 Cournon-d'Auvergne;2021-07-21;87;;LesBucoliques;Bouygues
47;82_2_LesBucoliques_Bouygues;4;Appartement;;242000;201666.67;2459.35;2951.22;SE;FALSE;FALSE;FALSE;1;Cournon-d'Auvergne;63;01/02/2023;RUE DE L'AMOURETTE 63800 Cournon-d'Auvergne;2021-07-21;82;2;LesBucoliques;Bouygues
48;78_2_LesBucoliques_Bouygues;4;Appartement;;249000;207500;2660.26;3192.31;SE;FALSE;FALSE;FALSE;1;Cournon-d'Auvergne;63;01/02/2023;RUE DE L'AMOURETTE 63800 Cournon-d'Auvergne;2021-07-21;78;2;LesBucoliques;Bouygues
49;89_1__1_LesBucoliques_Bouygues;4;Appartement;;250000;208333.33;2315.07;2778.09;NO;FALSE;FALSE;TRUE;1;Cournon-d'Auvergne;63;01/02/2023;RUE DE L'AMOURETTE 63800 Cournon-d'Auvergne;2021-07-21;89;11;LesBucoliques;Bouygues
50;89_1__2_LesBucoliques_Bouygues;4;Appartement;;250000;208333.33;2315.07;2778.09;NO;FALSE;FALSE;TRUE;1;Cournon-d'Auvergne;63;01/02/2023;RUE DE L'AMOURETTE 63800 Cournon-d'Auvergne;2021-07-21;89;12;LesBucoliques;Bouygues
51;87_2_LesBucoliques_Bouygues;4;Appartement;;250000;208333.33;2369.58;2843.49;SO;FALSE;FALSE;FALSE;1;Cournon-d'Auvergne;63;01/02/2023;RUE DE L'AMOURETTE 63800 Cournon-d'Auvergne;2021-07-21;87;2;LesBucoliques;Bouygues
52;89__1_LesBucoliques_Bouygues;4;Maison;;255000;212500;2376.69;2852.03;NO;TRUE;FALSE;FALSE;1;Cournon-d'Auvergne;63;01/02/2023;RUE DE L'AMOURETTE 63800 Cournon-d'Auvergne;2021-07-21;89;1;LesBucoliques;Bouygues
53;89_1__3_LesBucoliques_Bouygues;4;Appartement;;255000;212500;2361.37;2833.65;NO;FALSE;FALSE;TRUE;1;Cournon-d'Auvergne;63;01/02/2023;RUE DE L'AMOURETTE 63800 Cournon-d'Auvergne;2021-07-21;89;13;LesBucoliques;Bouygues
54;87__1_LesBucoliques_Bouygues;4;Maison;;257000;214166.67;2435.93;2923.11;SO;FALSE;FALSE;FALSE;1;Cournon-d'Auvergne;63;01/02/2023;RUE DE L'AMOURETTE 63800 Cournon-d'Auvergne;2021-07-21;87;1;LesBucoliques;Bouygues
55;89__2_LesBucoliques_Bouygues;4;Maison;;259000;215833.33;2413.97;2896.77;NO;TRUE;FALSE;FALSE;1;Cournon-d'Auvergne;63;01/02/2023;RUE DE L'AMOURETTE 63800 Cournon-d'Auvergne;2021-07-21;89;2;LesBucoliques;Bouygues
56;90_LesBucoliques_Bouygues;4;Maison;;260000;216666.67;2398.35;2878.02;SE;TRUE;FALSE;TRUE;0;Cournon-d'Auvergne;63;01/02/2023;RUE DE L'AMOURETTE 63800 Cournon-d'Auvergne;2021-07-21;90;;LesBucoliques;Bouygues
57;97_LesBucoliques_Bouygues;4;Maison;;264000;220000;2246.5;2695.8;SE;TRUE;FALSE;TRUE;0;Cournon-d'Auvergne;63;01/02/2023;RUE DE L'AMOURETTE 63800 Cournon-d'Auvergne;2021-07-21;97;;LesBucoliques;Bouygues
58;90__1_LesBucoliques_Bouygues;4;Maison;;265000;220833.33;2444.47;2933.36;SE;TRUE;FALSE;TRUE;0;Cournon-d'Auvergne;63;01/02/2023;RUE DE L'AMOURETTE 63800 Cournon-d'Auvergne;2021-07-21;90;1;LesBucoliques;Bouygues
59;90__2_LesBucoliques_Bouygues;4;Maison;;268000;223333.33;2472.14;2966.57;SE;TRUE;FALSE;TRUE;0;Cournon-d'Auvergne;63;01/02/2023;RUE DE L'AMOURETTE 63800 Cournon-d'Auvergne;2021-07-21;90;2;LesBucoliques;Bouygues
60;97__1_LesBucoliques_Bouygues;4;Maison;;274000;228333.33;2331.6;2797.92;SE;TRUE;FALSE;TRUE;0;Cournon-d'Auvergne;63;01/02/2023;RUE DE L'AMOURETTE 63800 Cournon-d'Auvergne;2021-07-21;97;1;LesBucoliques;Bouygues
61;87_2__1_LesBucoliques_Bouygues;4;Appartement;;275000;229166.67;2606.54;3127.84;SO;FALSE;FALSE;FALSE;1;Cournon-d'Auvergne;63;01/02/2023;RUE DE L'AMOURETTE 63800 Cournon-d'Auvergne;2021-07-21;87;21;LesBucoliques;Bouygues
62;97__2_LesBucoliques_Bouygues;4;Maison;;277000;230833.33;2357.13;2828.55;SE;TRUE;FALSE;TRUE;0;Cournon-d'Auvergne;63;01/02/2023;RUE DE L'AMOURETTE 63800 Cournon-d'Auvergne;2021-07-21;97;2;LesBucoliques;Bouygues
63;97__3_LesBucoliques_Bouygues;4;Maison;;290000;241666.67;2467.75;2961.3;SE;TRUE;FALSE;TRUE;0;Cournon-d'Auvergne;63;01/02/2023;RUE DE L'AMOURETTE 63800 Cournon-d'Auvergne;2021-07-21;97;3;LesBucoliques;Bouygues
64;85_3_LesBucoliques_Bouygues;4;Appartement;;320000;266666.67;3102.22;3722.66;SO;FALSE;FALSE;FALSE;1;Cournon-d'Auvergne;63;01/02/2023;RUE DE L'AMOURETTE 63800 Cournon-d'Auvergne;2021-07-21;85;3;LesBucoliques;Bouygues
65;32_3_Caract'R_Bouygues;1;Appartement;;165900;138250;4220.09;5064.1;S;FALSE;FALSE;FALSE;1;Chamalières;63;01/11/2023;23-25 rue de l'écorchade 63400 Chamalières;2021-07-21;32;3;Caract'R;Bouygues
66;38_3_Caract'R_Bouygues;2;Appartement;;182500;152083.33;3916.65;4699.97;N;FALSE;FALSE;FALSE;1;Chamalières;63;01/11/2023;23-25 rue de l'écorchade 63400 Chamalières;2021-07-21;38;3;Caract'R;Bouygues
67;39_3_Caract'R_Bouygues;2;Appartement;;187500;156250;3907.23;4688.67;N;FALSE;FALSE;FALSE;1;Chamalières;63;01/11/2023;23-25 rue de l'écorchade 63400 Chamalières;2021-07-21;39;3;Caract'R;Bouygues
68;41_3_Caract'R_Bouygues;2;Appartement;;194500;162083.33;3890.62;4668.75;S;FALSE;FALSE;FALSE;1;Chamalières;63;01/11/2023;23-25 rue de l'écorchade 63400 Chamalières;2021-07-21;41;3;Caract'R;Bouygues
69;45_1_Caract'R_Bouygues;2;Appartement;;195500;162916.67;3620.37;4344.44;E;FALSE;FALSE;FALSE;1;Chamalières;63;01/11/2023;23-25 rue de l'écorchade 63400 Chamalières;2021-07-21;45;1;Caract'R;Bouygues
70;41_Caract'R_Bouygues;2;Maison;;198500;165416.67;4009.13;4810.95;E;FALSE;FALSE;FALSE;1;Chamalières;63;01/11/2023;23-25 rue de l'écorchade 63400 Chamalières;2021-07-21;41;;Caract'R;Bouygues
71;45_2_Caract'R_Bouygues;2;Appartement;;200500;167083.33;3712.96;4455.56;E;FALSE;FALSE;FALSE;1;Chamalières;63;01/11/2023;23-25 rue de l'écorchade 63400 Chamalières;2021-07-21;45;2;Caract'R;Bouygues
72;61_1_Caract'R_Bouygues;3;Appartement;;257500;214583.33;3476.16;4171.39;O;FALSE;FALSE;FALSE;1;Chamalières;63;01/11/2023;23-25 rue de l'écorchade 63400 Chamalières;2021-07-21;61;1;Caract'R;Bouygues
73;75_Caract'R_Bouygues;3;Maison;;305000;254166.67;3350.91;4021.09;NE;FALSE;FALSE;FALSE;1;Chamalières;63;01/11/2023;23-25 rue de l'écorchade 63400 Chamalières;2021-07-21;75;;Caract'R;Bouygues
74;87_Caract'R_Bouygues;4;Maison;;356500;297083.33;3378.25;4053.9;E;FALSE;FALSE;FALSE;1;Chamalières;63;01/11/2023;23-25 rue de l'écorchade 63400 Chamalières;2021-07-21;87;;Caract'R;Bouygues
75;117_3_Caract'R_Bouygues;4;Appartement;;565500;471250;4000.08;4800.1;SE;FALSE;FALSE;FALSE;1;Chamalières;63;01/11/2023;23-25 rue de l'écorchade 63400 Chamalières;2021-07-21;117;3;Caract'R;Bouygues
76;106_4_Caract'R_Bouygues;5;Appartement;;567500;472916.67;4461.48;5353.77;NO;FALSE;FALSE;FALSE;1;Chamalières;63;01/11/2023;23-25 rue de l'écorchade 63400 Chamalières;2021-07-21;106;4;Caract'R;Bouygues
77;72_6_PRISMEBtimentF_Bouygues;3;Appartement;;302300;251916.67;3494.96;4193.95;NE;FALSE;FALSE;FALSE;1;Clermont-Ferrand;63;01/11/2022;131 BOULEVARD LAFAYETTE 63000 Clermont-Ferrand;2021-07-21;72;6;PRISMEBtimentF;Bouygues
78;71_6_PRISMEBtimentF_Bouygues;3;Appartement;;304100;253416.67;3561.22;4273.47;N;FALSE;FALSE;FALSE;1;Clermont-Ferrand;63;01/11/2022;131 BOULEVARD LAFAYETTE 63000 Clermont-Ferrand;2021-07-21;71;6;PRISMEBtimentF;Bouygues
79;85_5_PRISMEBtimentF_Bouygues;4;Appartement;;376500;313750;3662.31;4394.77;NE;FALSE;FALSE;FALSE;1;Clermont-Ferrand;63;01/11/2022;131 BOULEVARD LAFAYETTE 63000 Clermont-Ferrand;2021-07-21;85;5;PRISMEBtimentF;Bouygues
80;85_5__1_PRISMEBtimentF_Bouygues;4;Appartement;;378600;315500;3687.04;4424.45;SO;FALSE;FALSE;FALSE;1;Clermont-Ferrand;63;01/11/2022;131 BOULEVARD LAFAYETTE 63000 Clermont-Ferrand;2021-07-21;85;51;PRISMEBtimentF;Bouygues
81;23_1_PLURI'ELLES_Bouygues;1;Appartement;;87000;72500;3098.29;3717.95;S;FALSE;FALSE;FALSE;0;Clermont-Ferrand;63;01/11/2023;36 RUE DES CHANDIOTS 63100 Clermont-Ferrand;2021-07-21;23;1;PLURI'ELLES;Bouygues
82;23_2_PLURI'ELLES_Bouygues;1;Appartement;;87000;72500;3098.29;3717.95;S;FALSE;FALSE;FALSE;0;Clermont-Ferrand;63;01/11/2023;36 RUE DES CHANDIOTS 63100 Clermont-Ferrand;2021-07-21;23;2;PLURI'ELLES;Bouygues
83;32_2_PLURI'ELLES_Bouygues;1;Appartement;;118000;98333.33;3048.15;3657.78;E;FALSE;FALSE;FALSE;0;Clermont-Ferrand;63;01/11/2023;36 RUE DES CHANDIOTS 63100 Clermont-Ferrand;2021-07-21;32;2;PLURI'ELLES;Bouygues
84;35_1_PLURI'ELLES_Bouygues;1;Appartement;;125000;104166.67;2921.11;3505.33;O;FALSE;FALSE;FALSE;0;Clermont-Ferrand;63;01/11/2023;36 RUE DES CHANDIOTS 63100 Clermont-Ferrand;2021-07-21;35;1;PLURI'ELLES;Bouygues
85;35_3_PLURI'ELLES_Bouygues;1;Appartement;;131000;109166.67;3061.32;3673.58;O;FALSE;FALSE;FALSE;0;Clermont-Ferrand;63;01/11/2023;36 RUE DES CHANDIOTS 63100 Clermont-Ferrand;2021-07-21;35;3;PLURI'ELLES;Bouygues
86;44_PLURI'ELLES_Bouygues;2;Appartement;;147000;122500;2728.29;3273.94;E;FALSE;FALSE;FALSE;0;Clermont-Ferrand;63;01/11/2023;36 RUE DES CHANDIOTS 63100 Clermont-Ferrand;2021-07-21;44;;PLURI'ELLES;Bouygues
87;42_1_PLURI'ELLES_Bouygues;2;Appartement;;159000;132500;3106.68;3728.02;O;FALSE;FALSE;FALSE;0;Clermont-Ferrand;63;01/11/2023;36 RUE DES CHANDIOTS 63100 Clermont-Ferrand;2021-07-21;42;1;PLURI'ELLES;Bouygues
88;47_1_PLURI'ELLES_Bouygues;2;Appartement;;161000;134166.67;2799.81;3359.77;E;FALSE;FALSE;FALSE;0;Clermont-Ferrand;63;01/11/2023;36 RUE DES CHANDIOTS 63100 Clermont-Ferrand;2021-07-21;47;1;PLURI'ELLES;Bouygues
89;43_1_PLURI'ELLES_Bouygues;2;Appartement;;161000;134166.67;3064.57;3677.48;S;FALSE;FALSE;FALSE;0;Clermont-Ferrand;63;01/11/2023;36 RUE DES CHANDIOTS 63100 Clermont-Ferrand;2021-07-21;43;1;PLURI'ELLES;Bouygues
90;43_2_PLURI'ELLES_Bouygues;2;Appartement;;161000;134166.67;3064.57;3677.48;S;FALSE;FALSE;FALSE;0;Clermont-Ferrand;63;01/11/2023;36 RUE DES CHANDIOTS 63100 Clermont-Ferrand;2021-07-21;43;2;PLURI'ELLES;Bouygues
91;44_1_PLURI'ELLES_Bouygues;2;Appartement;;162000;135000;3030.98;3637.18;E;FALSE;FALSE;FALSE;0;Clermont-Ferrand;63;01/11/2023;36 RUE DES CHANDIOTS 63100 Clermont-Ferrand;2021-07-21;44;1;PLURI'ELLES;Bouygues
92;44_1__1_PLURI'ELLES_Bouygues;2;Appartement;;163000;135833.33;3028.61;3634.34;N;FALSE;FALSE;FALSE;0;Clermont-Ferrand;63;01/11/2023;36 RUE DES CHANDIOTS 63100 Clermont-Ferrand;2021-07-21;44;11;PLURI'ELLES;Bouygues
93;44_2_PLURI'ELLES_Bouygues;2;Appartement;;163000;135833.33;3028.61;3634.34;N;FALSE;FALSE;FALSE;0;Clermont-Ferrand;63;01/11/2023;36 RUE DES CHANDIOTS 63100 Clermont-Ferrand;2021-07-21;44;2;PLURI'ELLES;Bouygues
94;42_3_PLURI'ELLES_Bouygues;2;Appartement;;167000;139166.67;3262.99;3915.59;O;FALSE;FALSE;FALSE;0;Clermont-Ferrand;63;01/11/2023;36 RUE DES CHANDIOTS 63100 Clermont-Ferrand;2021-07-21;42;3;PLURI'ELLES;Bouygues
95;42_2_PLURI'ELLES_Bouygues;2;Appartement;;170000;141666.67;3310.74;3972.89;E;FALSE;FALSE;FALSE;0;Clermont-Ferrand;63;01/11/2023;36 RUE DES CHANDIOTS 63100 Clermont-Ferrand;2021-07-21;42;2;PLURI'ELLES;Bouygues
96;44__1_PLURI'ELLES_Bouygues;2;Appartement;;171000;142500;3177.26;3812.71;O;FALSE;FALSE;FALSE;1;Clermont-Ferrand;63;01/11/2023;36 RUE DES CHANDIOTS 63100 Clermont-Ferrand;2021-07-21;44;1;PLURI'ELLES;Bouygues
97;44_2__1_PLURI'ELLES_Bouygues;2;Appartement;;171000;142500;3199.37;3839.25;E;FALSE;FALSE;FALSE;0;Clermont-Ferrand;63;01/11/2023;36 RUE DES CHANDIOTS 63100 Clermont-Ferrand;2021-07-21;44;21;PLURI'ELLES;Bouygues
98;47_2_PLURI'ELLES_Bouygues;2;Appartement;;184000;153333.33;3199.78;3839.73;E;FALSE;FALSE;FALSE;1;Clermont-Ferrand;63;01/11/2023;36 RUE DES CHANDIOTS 63100 Clermont-Ferrand;2021-07-21;47;2;PLURI'ELLES;Bouygues
99;47_3_PLURI'ELLES_Bouygues;2;Appartement;;195000;162500;3403.85;4084.63;E;FALSE;FALSE;FALSE;1;Clermont-Ferrand;63;01/11/2023;36 RUE DES CHANDIOTS 63100 Clermont-Ferrand;2021-07-21;47;3;PLURI'ELLES;Bouygues
100;44_4_PLURI'ELLES_Bouygues;2;Appartement;;199000;165833.33;3726.59;4471.91;E;FALSE;FALSE;FALSE;1;Clermont-Ferrand;63;01/11/2023;36 RUE DES CHANDIOTS 63100 Clermont-Ferrand;2021-07-21;44;4;PLURI'ELLES;Bouygues
101;61_1_PLURI'ELLES_Bouygues;3;Appartement;;205000;170833.33;2770.57;3324.68;E;FALSE;FALSE;FALSE;1;Clermont-Ferrand;63;01/11/2023;36 RUE DES CHANDIOTS 63100 Clermont-Ferrand;2021-07-21;61;1;PLURI'ELLES;Bouygues
102;63_PLURI'ELLES_Bouygues;3;Appartement;;219000;182500;2885.38;3462.45;E;FALSE;FALSE;FALSE;1;Clermont-Ferrand;63;01/11/2023;36 RUE DES CHANDIOTS 63100 Clermont-Ferrand;2021-07-21;63;;PLURI'ELLES;Bouygues
103;63_1_PLURI'ELLES_Bouygues;3;Appartement;;219000;182500;2885.38;3462.45;S;FALSE;FALSE;FALSE;1;Clermont-Ferrand;63;01/11/2023;36 RUE DES CHANDIOTS 63100 Clermont-Ferrand;2021-07-21;63;1;PLURI'ELLES;Bouygues
104;66_1_PLURI'ELLES_Bouygues;3;Appartement;;224000;186666.67;2826.14;3391.37;S;FALSE;FALSE;FALSE;1;Clermont-Ferrand;63;01/11/2023;36 RUE DES CHANDIOTS 63100 Clermont-Ferrand;2021-07-21;66;1;PLURI'ELLES;Bouygues
105;61_2_PLURI'ELLES_Bouygues;3;Appartement;;227000;189166.67;3067.9;3681.48;E;FALSE;FALSE;FALSE;1;Clermont-Ferrand;63;01/11/2023;36 RUE DES CHANDIOTS 63100 Clermont-Ferrand;2021-07-21;61;2;PLURI'ELLES;Bouygues
106;63_2_PLURI'ELLES_Bouygues;3;Appartement;;231000;192500;3043.48;3652.17;S;FALSE;FALSE;FALSE;1;Clermont-Ferrand;63;01/11/2023;36 RUE DES CHANDIOTS 63100 Clermont-Ferrand;2021-07-21;63;2;PLURI'ELLES;Bouygues
107;66_PLURI'ELLES_Bouygues;3;Appartement;;236000;196666.67;2977.54;3573.05;SE;FALSE;FALSE;FALSE;1;Clermont-Ferrand;63;01/11/2023;36 RUE DES CHANDIOTS 63100 Clermont-Ferrand;2021-07-21;66;;PLURI'ELLES;Bouygues
108;66_2_PLURI'ELLES_Bouygues;3;Appartement;;236000;196666.67;2977.54;3573.05;S;FALSE;FALSE;FALSE;1;Clermont-Ferrand;63;01/11/2023;36 RUE DES CHANDIOTS 63100 Clermont-Ferrand;2021-07-21;66;2;PLURI'ELLES;Bouygues
109;61_3_PLURI'ELLES_Bouygues;3;Appartement;;238000;198333.33;3216.56;3859.88;E;FALSE;FALSE;FALSE;1;Clermont-Ferrand;63;01/11/2023;36 RUE DES CHANDIOTS 63100 Clermont-Ferrand;2021-07-21;61;3;PLURI'ELLES;Bouygues
110;62_3_PLURI'ELLES_Bouygues;3;Appartement;;242000;201666.67;3231.84;3878.21;S;FALSE;FALSE;FALSE;1;Clermont-Ferrand;63;01/11/2023;36 RUE DES CHANDIOTS 63100 Clermont-Ferrand;2021-07-21;62;3;PLURI'ELLES;Bouygues
111;63_3_PLURI'ELLES_Bouygues;3;Appartement;;254000;211666.67;3311.95;3974.34;NE;FALSE;FALSE;FALSE;1;Clermont-Ferrand;63;01/11/2023;36 RUE DES CHANDIOTS 63100 Clermont-Ferrand;2021-07-21;63;3;PLURI'ELLES;Bouygues
112;84_4_PLURI'ELLES_Bouygues;4;Appartement;;359000;299166.67;3556.85;4268.22;O;FALSE;FALSE;FALSE;1;Clermont-Ferrand;63;01/11/2023;36 RUE DES CHANDIOTS 63100 Clermont-Ferrand;2021-07-21;84;4;PLURI'ELLES;Bouygues
113;82_4_PLURI'ELLES_Bouygues;4;Appartement;;361000;300833.33;3666.91;4400.29;SO;FALSE;FALSE;FALSE;1;Clermont-Ferrand;63;01/11/2023;36 RUE DES CHANDIOTS 63100 Clermont-Ferrand;2021-07-21;82;4;PLURI'ELLES;Bouygues
114;87_4_PLURI'ELLES_Bouygues;4;Appartement;;373000;310833.33;3561.74;4274.09;NE;FALSE;FALSE;FALSE;1;Clermont-Ferrand;63;01/11/2023;36 RUE DES CHANDIOTS 63100 Clermont-Ferrand;2021-07-21;87;4;PLURI'ELLES;Bouygues
115;38_1_GardenCity-Inten'City_Bouygues;1;Appartement;;125000;104166.67;2709.15;3250.98;N;FALSE;FALSE;FALSE;0;Clermont-Ferrand;63;01/02/2024;RUE CHAMPFLEURI 63100 Clermont-Ferrand;2021-07-21;38;1;GardenCity-Inten'City;Bouygues
116;42_4_GardenCity-Inten'City_Bouygues;2;Appartement;;172500;143750;3347.69;4017.23;N;FALSE;TRUE;FALSE;1;Clermont-Ferrand;63;01/02/2024;RUE CHAMPFLEURI 63100 Clermont-Ferrand;2021-07-21;42;4;GardenCity-Inten'City;Bouygues
117;45_1_GardenCity-Inten'City_Bouygues;2;Appartement;;179500;149583.33;3282.5;3938.99;O;TRUE;FALSE;FALSE;1;Clermont-Ferrand;63;01/02/2024;RUE CHAMPFLEURI 63100 Clermont-Ferrand;2021-07-21;45;1;GardenCity-Inten'City;Bouygues
118;45_2_GardenCity-Inten'City_Bouygues;2;Appartement;;179500;149583.33;3277.46;3932.95;O;FALSE;TRUE;FALSE;1;Clermont-Ferrand;63;01/02/2024;RUE CHAMPFLEURI 63100 Clermont-Ferrand;2021-07-21;45;2;GardenCity-Inten'City;Bouygues
119;45_2__1_GardenCity-Inten'City_Bouygues;2;Appartement;;179500;149583.33;3267.44;3920.93;O;FALSE;TRUE;FALSE;1;Clermont-Ferrand;63;01/02/2024;RUE CHAMPFLEURI 63100 Clermont-Ferrand;2021-07-21;45;21;GardenCity-Inten'City;Bouygues
120;47_1_GardenCity-Inten'City_Bouygues;2;Appartement;;181500;151250;3152.36;3782.83;O;FALSE;TRUE;FALSE;1;Clermont-Ferrand;63;01/02/2024;RUE CHAMPFLEURI 63100 Clermont-Ferrand;2021-07-21;47;1;GardenCity-Inten'City;Bouygues
121;45_3_GardenCity-Inten'City_Bouygues;2;Appartement;;193500;161250;3549.42;4259.3;O;FALSE;TRUE;FALSE;1;Clermont-Ferrand;63;01/02/2024;RUE CHAMPFLEURI 63100 Clermont-Ferrand;2021-07-21;45;3;GardenCity-Inten'City;Bouygues
122;45_3__1_GardenCity-Inten'City_Bouygues;2;Appartement;;194500;162083.33;3551.34;4261.61;O;FALSE;TRUE;FALSE;1;Clermont-Ferrand;63;01/02/2024;RUE CHAMPFLEURI 63100 Clermont-Ferrand;2021-07-21;45;3;GardenCity-Inten'City;Bouygues
123;67_1_GardenCity-Inten'City_Bouygues;3;Appartement;;236500;197083.33;2905.55;3486.66;E;FALSE;TRUE;FALSE;1;Clermont-Ferrand;63;01/02/2024;RUE CHAMPFLEURI 63100 Clermont-Ferrand;2021-07-21;67;1;GardenCity-Inten'City;Bouygues
124;69_1_GardenCity-Inten'City_Bouygues;3;Appartement;;239500;199583.33;2869.23;3443.07;E;FALSE;TRUE;FALSE;1;Clermont-Ferrand;63;01/02/2024;RUE CHAMPFLEURI 63100 Clermont-Ferrand;2021-07-21;69;1;GardenCity-Inten'City;Bouygues
125;62_4_GardenCity-Inten'City_Bouygues;3;Appartement;;251500;209583.33;3345.84;4015.01;O;FALSE;TRUE;FALSE;1;Clermont-Ferrand;63;01/02/2024;RUE CHAMPFLEURI 63100 Clermont-Ferrand;2021-07-21;62;4;GardenCity-Inten'City;Bouygues
126;67_2_GardenCity-Inten'City_Bouygues;3;Appartement;;262500;218750;3224.97;3869.97;E;FALSE;TRUE;FALSE;1;Clermont-Ferrand;63;01/02/2024;RUE CHAMPFLEURI 63100 Clermont-Ferrand;2021-07-21;67;2;GardenCity-Inten'City;Bouygues
127;78_1_GardenCity-Inten'City_Bouygues;4;Appartement;;263500;219583.33;2796.88;3356.26;S;FALSE;TRUE;FALSE;1;Clermont-Ferrand;63;01/02/2024;RUE CHAMPFLEURI 63100 Clermont-Ferrand;2021-07-21;78;1;GardenCity-Inten'City;Bouygues
128;69_2_GardenCity-Inten'City_Bouygues;3;Appartement;;265500;221250;3180.71;3816.85;O;FALSE;TRUE;FALSE;1;Clermont-Ferrand;63;01/02/2024;RUE CHAMPFLEURI 63100 Clermont-Ferrand;2021-07-21;69;2;GardenCity-Inten'City;Bouygues
129;67_4_GardenCity-Inten'City_Bouygues;3;Appartement;;274500;228750;3406.05;4087.25;N;FALSE;TRUE;FALSE;1;Clermont-Ferrand;63;01/02/2024;RUE CHAMPFLEURI 63100 Clermont-Ferrand;2021-07-21;67;4;GardenCity-Inten'City;Bouygues
130;67_3_GardenCity-Inten'City_Bouygues;3;Appartement;;;;;;E;FALSE;TRUE;FALSE;1;Clermont-Ferrand;63;01/02/2024;RUE CHAMPFLEURI 63100 Clermont-Ferrand;2021-07-21;67;3;GardenCity-Inten'City;Bouygues
131;69_3_GardenCity-Inten'City_Bouygues;3;Appartement;;277500;231250;3348.05;4017.66;E;FALSE;TRUE;FALSE;1;Clermont-Ferrand;63;01/02/2024;RUE CHAMPFLEURI 63100 Clermont-Ferrand;2021-07-21;69;3;GardenCity-Inten'City;Bouygues
132;76_2_GardenCity-Inten'City_Bouygues;4;Appartement;;285500;237916.67;3128.84;3754.6;S;FALSE;TRUE;FALSE;1;Clermont-Ferrand;63;01/02/2024;RUE CHAMPFLEURI 63100 Clermont-Ferrand;2021-07-21;76;2;GardenCity-Inten'City;Bouygues
133;76_3_GardenCity-Inten'City_Bouygues;4;Appartement;;289500;241250;3172.67;3807.21;S;FALSE;TRUE;FALSE;1;Clermont-Ferrand;63;01/02/2024;RUE CHAMPFLEURI 63100 Clermont-Ferrand;2021-07-21;76;3;GardenCity-Inten'City;Bouygues
134;78_2_GardenCity-Inten'City_Bouygues;4;Appartement;;292500;243750;3104.7;3725.64;S;FALSE;TRUE;FALSE;1;Clermont-Ferrand;63;01/02/2024;RUE CHAMPFLEURI 63100 Clermont-Ferrand;2021-07-21;78;2;GardenCity-Inten'City;Bouygues
135;80_4_GardenCity-Inten'City_Bouygues;4;Appartement;;312500;260416.67;3220.19;3864.23;S;FALSE;TRUE;FALSE;1;Clermont-Ferrand;63;01/02/2024;RUE CHAMPFLEURI 63100 Clermont-Ferrand;2021-07-21;80;4;GardenCity-Inten'City;Bouygues
136;78_3_GardenCity-Inten'City_Bouygues;4;Appartement;;315500;262916.67;3348.83;4018.6;S;FALSE;TRUE;FALSE;1;Clermont-Ferrand;63;01/02/2024;RUE CHAMPFLEURI 63100 Clermont-Ferrand;2021-07-21;78;3;GardenCity-Inten'City;Bouygues
137;25_1_CtSud_Bouygues;1;Appartement;;86000;71666.67;2801.67;3362;E;TRUE;FALSE;FALSE;0;Clermont-Ferrand;63;01/11/2023;88 RUE DE LA GANTIERE 63000 Clermont-Ferrand;2021-07-21;25;1;CtSud;Bouygues
138;38_4_CtSud_Bouygues;2;Appartement;;123000;102500;2659.57;3191.49;O;FALSE;TRUE;FALSE;0;Clermont-Ferrand;63;01/11/2023;88 RUE DE LA GANTIERE 63000 Clermont-Ferrand;2021-07-21;38;4;CtSud;Bouygues
139;38_5_CtSud_Bouygues;2;Appartement;;125500;104583.33;2713.63;3256.36;O;FALSE;TRUE;FALSE;0;Clermont-Ferrand;63;01/11/2023;88 RUE DE LA GANTIERE 63000 Clermont-Ferrand;2021-07-21;38;5;CtSud;Bouygues
140;40_4_CtSud_Bouygues;2;Appartement;;130000;108333.33;2667.65;3201.18;O;FALSE;TRUE;FALSE;0;Clermont-Ferrand;63;01/11/2023;88 RUE DE LA GANTIERE 63000 Clermont-Ferrand;2021-07-21;40;4;CtSud;Bouygues
141;61_4_CtSud_Bouygues;3;Appartement;;194000;161666.67;2627.87;3153.45;S;FALSE;TRUE;FALSE;1;Clermont-Ferrand;63;01/11/2023;88 RUE DE LA GANTIERE 63000 Clermont-Ferrand;2021-07-21;61;4;CtSud;Bouygues
142;64_5_CtSud_Bouygues;3;Appartement;;201000;167500;2602.14;3122.57;E;FALSE;TRUE;FALSE;1;Clermont-Ferrand;63;01/11/2023;88 RUE DE LA GANTIERE 63000 Clermont-Ferrand;2021-07-21;64;5;CtSud;Bouygues
143;61_5_CtSud_Bouygues;3;Appartement;;203000;169166.67;2749.78;3299.74;S;FALSE;TRUE;FALSE;1;Clermont-Ferrand;63;01/11/2023;88 RUE DE LA GANTIERE 63000 Clermont-Ferrand;2021-07-21;61;5;CtSud;Bouygues
144;60_5_CtSud_Bouygues;3;Appartement;;209000;174166.67;2895.54;3474.65;S;FALSE;TRUE;FALSE;1;Clermont-Ferrand;63;01/11/2023;88 RUE DE LA GANTIERE 63000 Clermont-Ferrand;2021-07-21;60;5;CtSud;Bouygues
145;103_6_CtSud_Bouygues;5;Appartement;;399000;332500;3206.36;3847.64;Traversant;FALSE;TRUE;FALSE;1;Clermont-Ferrand;63;01/11/2023;88 RUE DE LA GANTIERE 63000 Clermont-Ferrand;2021-07-21;103;6;CtSud;Bouygues
146;105_6_CtSud_Bouygues;5;Appartement;;430000;358333.33;3401.36;4081.63;SO;FALSE;TRUE;FALSE;1;Clermont-Ferrand;63;01/11/2023;88 RUE DE LA GANTIERE 63000 Clermont-Ferrand;2021-07-21;105;6;CtSud;Bouygues
147;96_1_L'Emblmatique-HTELDIEU_Bouygues;4;Appartement;;399500;332916.67;3453.85;4144.62;E;FALSE;FALSE;FALSE;1;Clermont-Ferrand;63;01/05/2022;Avenue Vercingétorix 63000 Clermont-Ferrand;2021-07-21;96;1;L'Emblmatique-HTELDIEU;Bouygues
148;88_5_L'Emblmatique-HTELDIEU_Bouygues;4;Appartement;;453500;377916.67;4266.39;5119.67;SE;FALSE;FALSE;FALSE;1;Clermont-Ferrand;63;01/05/2022;Avenue Vercingétorix 63000 Clermont-Ferrand;2021-07-21;88;5;L'Emblmatique-HTELDIEU;Bouygues
149;96_2_L'Emblmatique-HTELDIEU_Bouygues;4;Appartement;;458500;382083.33;3963.93;4756.72;E;FALSE;FALSE;FALSE;1;Clermont-Ferrand;63;01/05/2022;Avenue Vercingétorix 63000 Clermont-Ferrand;2021-07-21;96;2;L'Emblmatique-HTELDIEU;Bouygues
150;96_4_L'Emblmatique-HTELDIEU_Bouygues;4;Appartement;;475500;396250;4110.9;4933.08;E;FALSE;FALSE;FALSE;1;Clermont-Ferrand;63;01/05/2022;Avenue Vercingétorix 63000 Clermont-Ferrand;2021-07-21;96;4;L'Emblmatique-HTELDIEU;Bouygues
151;128_4_L'Emblmatique-HTELDIEU_Bouygues;4;Appartement;;619000;515833.33;3999.64;4799.57;SO;FALSE;FALSE;FALSE;1;Clermont-Ferrand;63;01/05/2022;Avenue Vercingétorix 63000 Clermont-Ferrand;2021-07-21;128;4;L'Emblmatique-HTELDIEU;Bouygues
152;128_4__1_L'Emblmatique-HTELDIEU_Bouygues;4;Appartement;;651500;542916.67;4209.64;5051.56;SO;FALSE;FALSE;FALSE;1;Clermont-Ferrand;63;01/05/2022;Avenue Vercingétorix 63000 Clermont-Ferrand;2021-07-21;128;41;L'Emblmatique-HTELDIEU;Bouygues
153;128_5_L'Emblmatique-HTELDIEU_Bouygues;4;Appartement;;671500;559583.33;4338.86;5206.64;SO;FALSE;FALSE;FALSE;1;Clermont-Ferrand;63;01/05/2022;Avenue Vercingétorix 63000 Clermont-Ferrand;2021-07-21;128;5;L'Emblmatique-HTELDIEU;Bouygues
154;128_6_L'Emblmatique-HTELDIEU_Bouygues;4;Appartement;;701500;584583.33;4532.71;5439.25;SO;FALSE;FALSE;FALSE;1;Clermont-Ferrand;63;01/05/2022;Avenue Vercingétorix 63000 Clermont-Ferrand;2021-07-21;128;6;L'Emblmatique-HTELDIEU;Bouygues
155;67_1_LESTERRASSESDELHTEL-DIEU_Bouygues;3;Appartement;;299000;249166.67;3718.91;4462.69;S;FALSE;TRUE;FALSE;1;Clermont-Ferrand;63;01/11/2023;BOULEVARD CHARLES DE GAULLE 63000 Clermont-Ferrand;2021-07-21;67;1;LESTERRASSESDELHTEL-DIEU;Bouygues
156;100_LESTERRASSESDELHTEL-DIEU_Bouygues;4;Maison;;444000;370000;3670.63;4404.76;S;TRUE;FALSE;FALSE;1;Clermont-Ferrand;63;01/11/2023;BOULEVARD CHARLES DE GAULLE 63000 Clermont-Ferrand;2021-07-21;100;;LESTERRASSESDELHTEL-DIEU;Bouygues
157;96_LESTERRASSESDELHTEL-DIEU_Bouygues;4;Maison;;469000;390833.33;4037.53;4845.04;SO;FALSE;TRUE;FALSE;1;Clermont-Ferrand;63;01/11/2023;BOULEVARD CHARLES DE GAULLE 63000 Clermont-Ferrand;2021-07-21;96;;LESTERRASSESDELHTEL-DIEU;Bouygues
158;81_0_PRISMELot3-BtimentsCDetE_Bouygues;4;Appartement;200010;227499.5261;189582.94;2337.93;2805.52;NE;FALSE;FALSE;FALSE;1;Clermont-Ferrand;63;01/11/2022;131 BOULEVARD LAFAYETTE 63000 Clermont-Ferrand;2021-07-21;81;0;PRISMELot3-BtimentsCDetE;Bouygues
159;84_2_PRISMELot3-BtimentsCDetE_Bouygues;4;Appartement;205373;233599.6209;194666.35;2315.25;2778.3;NO;FALSE;TRUE;FALSE;1;Clermont-Ferrand;63;01/11/2022;131 BOULEVARD LAFAYETTE 63000 Clermont-Ferrand;2021-07-21;84;2;PRISMELot3-BtimentsCDetE;Bouygues
160;83_5_PRISMELot3-BtimentsCDetE_Bouygues;4;Appartement;229638;261199.6209;217666.35;2603.04;3123.65;NO;FALSE;TRUE;FALSE;1;Clermont-Ferrand;63;01/11/2022;131 BOULEVARD LAFAYETTE 63000 Clermont-Ferrand;2021-07-21;83;5;PRISMELot3-BtimentsCDetE;Bouygues
161;78_3_PRISMELot3-BtimentsCDetE_Bouygues;4;Appartement;;242600;202166.67;2576.68;3092.02;E;FALSE;FALSE;FALSE;1;Clermont-Ferrand;63;01/11/2022;131 BOULEVARD LAFAYETTE 63000 Clermont-Ferrand;2021-07-21;78;3;PRISMELot3-BtimentsCDetE;Bouygues
162;89_6_PRISMELot3-BtimentsCDetE_Bouygues;4;Appartement;;347200;289333.33;3222.69;3867.23;Traversant;FALSE;FALSE;FALSE;1;Clermont-Ferrand;63;01/11/2022;131 BOULEVARD LAFAYETTE 63000 Clermont-Ferrand;2021-07-21;89;6;PRISMELot3-BtimentsCDetE;Bouygues
163;85_3_Plein'R_Bouygues;4;Appartement;;339000;282500;3318.45;3982.14;E;TRUE;FALSE;FALSE;1;Clermont-Ferrand;63;01/08/2021;Rue Jean Monnet 63000 Clermont-Ferrand;2021-07-21;85;3;Plein'R;Bouygues
164;78_SCENEDULEMAN_Bouygues;3;Maison;;396000;330000;4215.64;5058.76;Vue privilégiée;TRUE;FALSE;FALSE;1;Neuvecelle;74;01/05/2022;631 AVENUE DE MILLY 74500 Neuvecelle;2021-07-21;78;;SCENEDULEMAN;Bouygues
165;78__1_SCENEDULEMAN_Bouygues;3;Maison;;412500;343750;4391.29;5269.55;Vue privilégiée;TRUE;FALSE;FALSE;1;Neuvecelle;74;02/05/2022;631 AVENUE DE MILLY 74500 Neuvecelle;2021-07-21;78;1;SCENEDULEMAN;Bouygues
166;78__2_SCENEDULEMAN_Bouygues;3;Maison;;415000;345833.33;4417.9;5301.48;Vue privilégiée;TRUE;FALSE;FALSE;1;Neuvecelle;74;03/05/2022;631 AVENUE DE MILLY 74500 Neuvecelle;2021-07-21;78;2;SCENEDULEMAN;Bouygues
167;78__3_SCENEDULEMAN_Bouygues;3;Maison;;416000;346666.67;4428.55;5314.26;Vue privilégiée;TRUE;FALSE;FALSE;1;Neuvecelle;74;04/05/2022;631 AVENUE DE MILLY 74500 Neuvecelle;2021-07-21;78;3;SCENEDULEMAN;Bouygues
168;78__4_SCENEDULEMAN_Bouygues;3;Maison;;418000;348333.33;4449.84;5339.81;Vue privilégiée;TRUE;FALSE;FALSE;1;Neuvecelle;74;05/05/2022;631 AVENUE DE MILLY 74500 Neuvecelle;2021-07-21;78;4;SCENEDULEMAN;Bouygues
169;78__5_SCENEDULEMAN_Bouygues;3;Maison;;419500;349583.33;4465.81;5358.97;Vue privilégiée;TRUE;FALSE;FALSE;1;Neuvecelle;74;06/05/2022;631 AVENUE DE MILLY 74500 Neuvecelle;2021-07-21;78;5;SCENEDULEMAN;Bouygues
170;78__6_SCENEDULEMAN_Bouygues;3;Maison;;429500;357916.67;4572.26;5486.71;Vue privilégiée;TRUE;FALSE;FALSE;1;Neuvecelle;74;07/05/2022;631 AVENUE DE MILLY 74500 Neuvecelle;2021-07-21;78;6;SCENEDULEMAN;Bouygues
171;87_SCENEDULEMAN_Bouygues;4;Appartement;;495000;412500;4695.5;5634.6;Vue privilégiée;FALSE;FALSE;FALSE;1;Neuvecelle;74;08/05/2022;631 AVENUE DE MILLY 74500 Neuvecelle;2021-07-21;87;;SCENEDULEMAN;Bouygues
172;87__1_SCENEDULEMAN_Bouygues;4;Appartement;;499000;415833.33;4733.45;5680.14;Vue privilégiée;FALSE;FALSE;FALSE;1;Neuvecelle;74;09/05/2022;631 AVENUE DE MILLY 74500 Neuvecelle;2021-07-21;87;1;SCENEDULEMAN;Bouygues
173;87__2_SCENEDULEMAN_Bouygues;4;Appartement;;506000;421666.67;4799.85;5759.82;Vue privilégiée;FALSE;FALSE;FALSE;1;Neuvecelle;74;10/05/2022;631 AVENUE DE MILLY 74500 Neuvecelle;2021-07-21;87;2;SCENEDULEMAN;Bouygues
174;41_TERRESDELAYA_Bouygues;2;Maison;;193000;160833.33;3903.72;4684.47;E;TRUE;FALSE;FALSE;1;LaMotte-Servolex;73;01/08/2024;CHEMIN DE LA FONTAINE DE JANON 73290 La Motte-Servolex;2021-07-21;41;;TERRESDELAYA;Bouygues
175;41_1_TERRESDELAYA_Bouygues;2;Appartement;;193000;160833.33;3903.72;4684.47;E;FALSE;TRUE;FALSE;1;LaMotte-Servolex;73;01/08/2024;CHEMIN DE LA FONTAINE DE JANON 73290 La Motte-Servolex;2021-07-21;41;1;TERRESDELAYA;Bouygues
176;41_2_TERRESDELAYA_Bouygues;2;Appartement;;198000;165000;4004.85;4805.83;S;FALSE;TRUE;FALSE;1;LaMotte-Servolex;73;01/08/2024;CHEMIN DE LA FONTAINE DE JANON 73290 La Motte-Servolex;2021-07-21;41;2;TERRESDELAYA;Bouygues
177;41_4_TERRESDELAYA_Bouygues;2;Appartement;;208000;173333.33;4207.12;5048.54;E;FALSE;TRUE;FALSE;1;LaMotte-Servolex;73;01/08/2024;CHEMIN DE LA FONTAINE DE JANON 73290 La Motte-Servolex;2021-07-21;41;4;TERRESDELAYA;Bouygues
178;41_5_TERRESDELAYA_Bouygues;2;Appartement;;212000;176666.67;4288.03;5145.63;S;FALSE;TRUE;FALSE;1;LaMotte-Servolex;73;01/08/2024;CHEMIN DE LA FONTAINE DE JANON 73290 La Motte-Servolex;2021-07-21;41;5;TERRESDELAYA;Bouygues
179;49_TERRESDELAYA_Bouygues;2;Maison;;228000;190000;3815.26;4578.31;E;TRUE;FALSE;FALSE;1;LaMotte-Servolex;73;01/08/2024;CHEMIN DE LA FONTAINE DE JANON 73290 La Motte-Servolex;2021-07-21;49;;TERRESDELAYA;Bouygues
180;43_6_TERRESDELAYA_Bouygues;2;Appartement;;234000;195000;4498.27;5397.92;E;FALSE;TRUE;FALSE;1;LaMotte-Servolex;73;01/08/2024;CHEMIN DE LA FONTAINE DE JANON 73290 La Motte-Servolex;2021-07-21;43;6;TERRESDELAYA;Bouygues
181;48_6_TERRESDELAYA_Bouygues;2;Appartement;;263000;219166.67;4565.97;5479.17;S;FALSE;TRUE;FALSE;1;LaMotte-Servolex;73;01/08/2024;CHEMIN DE LA FONTAINE DE JANON 73290 La Motte-Servolex;2021-07-21;48;6;TERRESDELAYA;Bouygues
182;69_TERRESDELAYA_Bouygues;3;Maison;;293000;244166.67;3495.59;4194.7;S;TRUE;FALSE;FALSE;1;LaMotte-Servolex;73;01/08/2024;CHEMIN DE LA FONTAINE DE JANON 73290 La Motte-Servolex;2021-07-21;69;;TERRESDELAYA;Bouygues
183;69_1_TERRESDELAYA_Bouygues;3;Appartement;;293000;244166.67;3495.59;4194.7;S;FALSE;TRUE;FALSE;1;LaMotte-Servolex;73;01/08/2024;CHEMIN DE LA FONTAINE DE JANON 73290 La Motte-Servolex;2021-07-21;69;1;TERRESDELAYA;Bouygues
184;65_2_TERRESDELAYA_Bouygues;3;Appartement;;293000;244166.67;3705.11;4446.13;E;FALSE;TRUE;FALSE;1;LaMotte-Servolex;73;01/08/2024;CHEMIN DE LA FONTAINE DE JANON 73290 La Motte-Servolex;2021-07-21;65;2;TERRESDELAYA;Bouygues
185;66_TERRESDELAYA_Bouygues;3;Maison;;295000;245833.33;3705.1;4446.12;E;TRUE;FALSE;FALSE;1;LaMotte-Servolex;73;01/08/2024;CHEMIN DE LA FONTAINE DE JANON 73290 La Motte-Servolex;2021-07-21;66;;TERRESDELAYA;Bouygues
186;69_1__1_TERRESDELAYA_Bouygues;3;Appartement;;307000;255833.33;3678.41;4414.09;E;FALSE;TRUE;FALSE;1;LaMotte-Servolex;73;01/08/2024;CHEMIN DE LA FONTAINE DE JANON 73290 La Motte-Servolex;2021-07-21;69;11;TERRESDELAYA;Bouygues
187;65_5_TERRESDELAYA_Bouygues;3;Appartement;;309000;257500;3907.44;4688.92;E;FALSE;TRUE;FALSE;1;LaMotte-Servolex;73;01/08/2024;CHEMIN DE LA FONTAINE DE JANON 73290 La Motte-Servolex;2021-07-21;65;5;TERRESDELAYA;Bouygues
188;69_2_TERRESDELAYA_Bouygues;3;Appartement;;314000;261666.67;3792.27;4550.72;E;FALSE;TRUE;FALSE;1;LaMotte-Servolex;73;01/08/2024;CHEMIN DE LA FONTAINE DE JANON 73290 La Motte-Servolex;2021-07-21;69;2;TERRESDELAYA;Bouygues
189;70_2_TERRESDELAYA_Bouygues;3;Appartement;;318000;265000;3753.54;4504.25;O;FALSE;TRUE;FALSE;1;LaMotte-Servolex;73;01/08/2024;CHEMIN DE LA FONTAINE DE JANON 73290 La Motte-Servolex;2021-07-21;70;2;TERRESDELAYA;Bouygues
190;68_1_TERRESDELAYA_Bouygues;3;Appartement;;320000;266666.67;3887.27;4664.72;E;FALSE;TRUE;FALSE;1;LaMotte-Servolex;73;01/08/2024;CHEMIN DE LA FONTAINE DE JANON 73290 La Motte-Servolex;2021-07-21;68;1;TERRESDELAYA;Bouygues
191;69_3_TERRESDELAYA_Bouygues;3;Appartement;;322000;268333.33;3858.14;4629.76;E;FALSE;TRUE;FALSE;1;LaMotte-Servolex;73;01/08/2024;CHEMIN DE LA FONTAINE DE JANON 73290 La Motte-Servolex;2021-07-21;69;3;TERRESDELAYA;Bouygues
192;70_3_TERRESDELAYA_Bouygues;3;Appartement;;326000;271666.67;3847.97;4617.56;O;FALSE;TRUE;FALSE;1;LaMotte-Servolex;73;01/08/2024;CHEMIN DE LA FONTAINE DE JANON 73290 La Motte-Servolex;2021-07-21;70;3;TERRESDELAYA;Bouygues
193;69_4_TERRESDELAYA_Bouygues;3;Appartement;;330000;275000;3953.99;4744.79;E;FALSE;TRUE;FALSE;1;LaMotte-Servolex;73;01/08/2024;CHEMIN DE LA FONTAINE DE JANON 73290 La Motte-Servolex;2021-07-21;69;4;TERRESDELAYA;Bouygues
194;69_3__1_TERRESDELAYA_Bouygues;3;Appartement;;336000;280000;4052.1;4862.52;SE;FALSE;TRUE;FALSE;1;LaMotte-Servolex;73;01/08/2024;CHEMIN DE LA FONTAINE DE JANON 73290 La Motte-Servolex;2021-07-21;69;31;TERRESDELAYA;Bouygues
195;70_5_TERRESDELAYA_Bouygues;3;Appartement;;341000;284166.67;4025.02;4830.03;O;TRUE;FALSE;FALSE;1;LaMotte-Servolex;73;01/08/2024;CHEMIN DE LA FONTAINE DE JANON 73290 La Motte-Servolex;2021-07-21;70;5;TERRESDELAYA;Bouygues
196;69_4__1_TERRESDELAYA_Bouygues;3;Appartement;;344000;286666.67;4148.58;4978.29;S;FALSE;TRUE;FALSE;1;LaMotte-Servolex;73;01/08/2024;CHEMIN DE LA FONTAINE DE JANON 73290 La Motte-Servolex;2021-07-21;69;41;TERRESDELAYA;Bouygues
197;69_4__2_TERRESDELAYA_Bouygues;3;Appartement;;345000;287500;4115.96;4939.16;S;FALSE;TRUE;FALSE;1;LaMotte-Servolex;73;01/08/2024;CHEMIN DE LA FONTAINE DE JANON 73290 La Motte-Servolex;2021-07-21;69;42;TERRESDELAYA;Bouygues
198;68_6_TERRESDELAYA_Bouygues;3;Appartement;;348000;290000;4218.18;5061.82;E;FALSE;TRUE;FALSE;1;LaMotte-Servolex;73;01/08/2024;CHEMIN DE LA FONTAINE DE JANON 73290 La Motte-Servolex;2021-07-21;68;6;TERRESDELAYA;Bouygues
199;70_6_TERRESDELAYA_Bouygues;3;Appartement;;348000;290000;4107.65;4929.18;O;FALSE;TRUE;FALSE;1;LaMotte-Servolex;73;01/08/2024;CHEMIN DE LA FONTAINE DE JANON 73290 La Motte-Servolex;2021-07-21;70;6;TERRESDELAYA;Bouygues
200;69_5_TERRESDELAYA_Bouygues;3;Appartement;;366000;305000;4413.89;5296.67;S;FALSE;TRUE;FALSE;1;LaMotte-Servolex;73;01/08/2024;CHEMIN DE LA FONTAINE DE JANON 73290 La Motte-Servolex;2021-07-21;69;5;TERRESDELAYA;Bouygues
201;92_7_TERRESDELAYA_Bouygues;4;Appartement;;439000;365833.33;3942.17;4730.6;E;TRUE;FALSE;FALSE;1;LaMotte-Servolex;73;01/08/2024;CHEMIN DE LA FONTAINE DE JANON 73290 La Motte-Servolex;2021-07-21;92;7;TERRESDELAYA;Bouygues
202;116_7_TERRESDELAYA_Bouygues;5;Appartement;;591000;492500;4216.61;5059.93;S;TRUE;FALSE;FALSE;1;LaMotte-Servolex;73;01/08/2024;CHEMIN DE LA FONTAINE DE JANON 73290 La Motte-Servolex;2021-07-21;116;7;TERRESDELAYA;Bouygues
203;65_2_VillaVerdana_Bouygues;3;Appartement;;308000;256666.67;3904.86;4685.84;Vue privilégiée;FALSE;TRUE;FALSE;1;Claix;38;01/11/2022;rue du coteau 38640 Claix;2021-07-21;65;2;VillaVerdana;Bouygues
204;75_VillaVerdana_Bouygues;3;Appartement;;314500;262083.33;3460.76;4152.91;O;FALSE;FALSE;FALSE;1;Claix;38;01/11/2022;rue du coteau 38640 Claix;2021-07-21;75;;VillaVerdana;Bouygues
205;80_1_VillaVerdana_Bouygues;4;Appartement;;335000;279166.67;3482.62;4179.14;Traversant;FALSE;TRUE;FALSE;1;Claix;38;01/11/2022;rue du coteau 38640 Claix;2021-07-21;80;1;VillaVerdana;Bouygues
206;80_2_VillaVerdana_Bouygues;4;Appartement;;350000;291666.67;3638.56;4366.27;Traversant;FALSE;TRUE;FALSE;1;Claix;38;01/11/2022;rue du coteau 38640 Claix;2021-07-21;80;2;VillaVerdana;Bouygues
207;81_VillaVerdana_Bouygues;4;Appartement;;355000;295833.33;3610.81;4332.97;Traversant;FALSE;FALSE;FALSE;1;Claix;38;01/11/2022;rue du coteau 38640 Claix;2021-07-21;81;;VillaVerdana;Bouygues
208;43_4_LUZ_Bouygues;2;Appartement;;192000;160000;3657.98;4389.57;O;FALSE;TRUE;FALSE;0;Saint-Fons;69;01/11/2022;48-50 AVENUE JEAN JAURES 69190 ST FONS 69190 Saint-Fons;2021-07-21;43;4;LUZ;Bouygues
209;44_1_LUZ_Bouygues;2;Appartement;;196000;163333.33;3631.24;4357.49;E;FALSE;TRUE;FALSE;1;Saint-Fons;69;01/11/2022;48-50 AVENUE JEAN JAURES 69190 ST FONS 69190 Saint-Fons;2021-07-21;44;1;LUZ;Bouygues
210;63_4_LUZ_Bouygues;3;Appartement;227704;258999.8104;215833.18;3389.34;4067.21;S;FALSE;TRUE;FALSE;1;Saint-Fons;69;01/11/2022;48-50 AVENUE JEAN JAURES 69190 ST FONS 69190 Saint-Fons;2021-07-21;63;4;LUZ;Bouygues
211;83_3_LUZ_Bouygues;4;Appartement;261992;298000.3791;248333.65;2980.48;3576.58;E;FALSE;FALSE;FALSE;1;Saint-Fons;69;01/11/2022;48-50 AVENUE JEAN JAURES 69190 ST FONS 69190 Saint-Fons;2021-07-21;83;3;LUZ;Bouygues
212;83_4_LUZ_Bouygues;4;Appartement;275179;312999.8104;260833.18;3130.5;3756.6;E;FALSE;FALSE;FALSE;1;Saint-Fons;69;01/11/2022;48-50 AVENUE JEAN JAURES 69190 ST FONS 69190 Saint-Fons;2021-07-21;83;4;LUZ;Bouygues
213;64_L'ARC_Bouygues;3;Appartement;;339000;282500;4403.74;5284.49;O;FALSE;FALSE;FALSE;1;LaTour-de-Salvagny;69;01/11/2023;8 RUE DE LA MAIRIE 69890 La Tour-de-Salvagny;2021-07-21;64;;L'ARC;Bouygues
214;64_1_L'ARC_Bouygues;3;Appartement;;360000;300000;4676.54;5611.85;O;FALSE;FALSE;FALSE;1;LaTour-de-Salvagny;69;01/11/2023;8 RUE DE LA MAIRIE 69890 La Tour-de-Salvagny;2021-07-21;64;1;L'ARC;Bouygues
215;66_1_L'ARC_Bouygues;3;Appartement;;363000;302500;4577.78;5493.34;SO;FALSE;FALSE;FALSE;1;LaTour-de-Salvagny;69;01/11/2023;8 RUE DE LA MAIRIE 69890 La Tour-de-Salvagny;2021-07-21;66;1;L'ARC;Bouygues
216;65_L'ARC_Bouygues;3;Appartement;;364000;303333.33;4600.84;5521.01;SO;FALSE;FALSE;FALSE;1;LaTour-de-Salvagny;69;01/11/2023;8 RUE DE LA MAIRIE 69890 La Tour-de-Salvagny;2021-07-21;65;;L'ARC;Bouygues
217;66_L'ARC_Bouygues;3;Appartement;;366000;305000;4610.73;5532.88;SO;FALSE;FALSE;FALSE;1;LaTour-de-Salvagny;69;01/11/2023;8 RUE DE LA MAIRIE 69890 La Tour-de-Salvagny;2021-07-21;66;;L'ARC;Bouygues
218;64_2_L'ARC_Bouygues;3;Appartement;;369000;307500;4793.45;5752.14;O;FALSE;FALSE;FALSE;1;LaTour-de-Salvagny;69;01/11/2023;8 RUE DE LA MAIRIE 69890 La Tour-de-Salvagny;2021-07-21;64;2;L'ARC;Bouygues
219;66_2_L'ARC_Bouygues;3;Appartement;;374000;311666.67;4716.51;5659.81;SO;FALSE;FALSE;FALSE;1;LaTour-de-Salvagny;69;01/11/2023;8 RUE DE LA MAIRIE 69890 La Tour-de-Salvagny;2021-07-21;66;2;L'ARC;Bouygues
220;67_3_L'ARC_Bouygues;3;Appartement;;411000;342500;5095.97;6115.16;Vue privilégiée;FALSE;FALSE;FALSE;1;LaTour-de-Salvagny;69;01/11/2023;8 RUE DE LA MAIRIE 69890 La Tour-de-Salvagny;2021-07-21;67;3;L'ARC;Bouygues
221;93_1_L'ARC_Bouygues;4;Appartement;;490000;408333.33;4368.14;5241.76;SO;FALSE;FALSE;FALSE;1;LaTour-de-Salvagny;69;01/11/2023;8 RUE DE LA MAIRIE 69890 La Tour-de-Salvagny;2021-07-21;93;1;L'ARC;Bouygues
222;93_2_L'ARC_Bouygues;4;Appartement;;499000;415833.33;4448.37;5338.04;SO;FALSE;FALSE;FALSE;1;LaTour-de-Salvagny;69;01/11/2023;8 RUE DE LA MAIRIE 69890 La Tour-de-Salvagny;2021-07-21;93;2;L'ARC;Bouygues
223;61_1_OnlyOneMontChat_Bouygues;3;Appartement;;378000;315000;5159.71;6191.65;S / O;FALSE;TRUE;FALSE;0;Lyon;69;01/02/2023;rue Cyrano / Impasse Morel 69003 Lyon;2021-07-21;61;1;OnlyOneMontChat;Bouygues
224;61_2_OnlyOneMontChat_Bouygues;3;Appartement;;424000;353333.33;5787.61;6945.13;S / O;FALSE;TRUE;FALSE;1;Lyon;69;01/02/2023;rue Cyrano / Impasse Morel 69003 Lyon;2021-07-21;61;2;OnlyOneMontChat;Bouygues
225;68_2_OnlyOneMontChat_Bouygues;3;Appartement;;429000;357500;5198.49;6238.19;S / Traversant;FALSE;TRUE;FALSE;0;Lyon;69;01/02/2023;rue Cyrano / Impasse Morel 69003 Lyon;2021-07-21;68;2;OnlyOneMontChat;Bouygues
226;69_OnlyOneMontChat_Bouygues;3;Appartement;;441000;367500;5319.15;6382.98;S / E;FALSE;FALSE;FALSE;1;Lyon;69;01/02/2023;rue Cyrano / Impasse Morel 69003 Lyon;2021-07-21;69;;OnlyOneMontChat;Bouygues
227;64_2_OnlyOneMontChat_Bouygues;3;Appartement;;444000;370000;5756.07;6907.28;N;FALSE;TRUE;FALSE;1;Lyon;69;01/02/2023;rue Cyrano / Impasse Morel 69003 Lyon;2021-07-21;64;2;OnlyOneMontChat;Bouygues
228;69_1_OnlyOneMontChat_Bouygues;3;Appartement;;449000;374166.67;5410.94;6493.13;S / E;FALSE;TRUE;FALSE;1;Lyon;69;01/02/2023;rue Cyrano / Impasse Morel 69003 Lyon;2021-07-21;69;1;OnlyOneMontChat;Bouygues
229;103_1_OnlyOneMontChat_Bouygues;5;Appartement;;590000;491666.67;4752.24;5702.69;S / E;TRUE;FALSE;FALSE;1;Lyon;69;01/02/2023;rue Cyrano / Impasse Morel 69003 Lyon;2021-07-21;103;1;OnlyOneMontChat;Bouygues
230;76_3_OnlyOneMontChat_Bouygues;3;Appartement;;635000;529166.67;6939.89;8327.87;S / Vue privilégiée;TRUE;FALSE;FALSE;1;Lyon;69;01/02/2023;rue Cyrano / Impasse Morel 69003 Lyon;2021-07-21;76;3;OnlyOneMontChat;Bouygues
231;78_3_OnlyOneMontChat_Bouygues;4;Appartement;;704000;586666.67;7482.99;8979.59;S / SO;TRUE;FALSE;FALSE;1;Lyon;69;01/02/2023;rue Cyrano / Impasse Morel 69003 Lyon;2021-07-21;78;3;OnlyOneMontChat;Bouygues
232;48_1_Nature&Sens_Bouygues;2;Appartement;;251000;209166.67;4350.39;5220.47;E;FALSE;FALSE;FALSE;1;Orliénas;69;01/05/2023;RUE ALEXANDRE LUIGINI 69530 Orliénas;2021-07-21;48;1;Nature&Sens;Bouygues
233;66_1_Nature&Sens_Bouygues;3;Appartement;;319500;266250;4004.36;4805.23;Traversant;FALSE;FALSE;FALSE;1;Orliénas;69;01/05/2023;RUE ALEXANDRE LUIGINI 69530 Orliénas;2021-07-21;66;1;Nature&Sens;Bouygues
234;66_2_Nature&Sens_Bouygues;3;Appartement;;329000;274166.67;4123.43;4948.11;Traversant;FALSE;FALSE;FALSE;1;Orliénas;69;01/05/2023;RUE ALEXANDRE LUIGINI 69530 Orliénas;2021-07-21;66;2;Nature&Sens;Bouygues
235;86_Nature&Sens_Bouygues;4;Appartement;;347000;289166.67;3361.23;4033.48;E;FALSE;FALSE;FALSE;1;Orliénas;69;01/05/2023;RUE ALEXANDRE LUIGINI 69530 Orliénas;2021-07-21;86;;Nature&Sens;Bouygues
236;89_Nature&Sens_Bouygues;4;Appartement;;363000;302500;3375.36;4050.44;SO;FALSE;FALSE;FALSE;1;Orliénas;69;01/05/2023;RUE ALEXANDRE LUIGINI 69530 Orliénas;2021-07-21;89;;Nature&Sens;Bouygues
237;105_1_Nature&Sens_Bouygues;5;Appartement;;424000;353333.33;3351.67;4022.01;E;FALSE;FALSE;FALSE;1;Orliénas;69;01/05/2023;RUE ALEXANDRE LUIGINI 69530 Orliénas;2021-07-21;105;1;Nature&Sens;Bouygues
238;123_Nature&Sens_Bouygues;5;Appartement;;542000;451666.67;3672.09;4406.5;O;FALSE;FALSE;FALSE;0;Orliénas;69;01/05/2023;RUE ALEXANDRE LUIGINI 69530 Orliénas;2021-07-21;123;;Nature&Sens;Bouygues
239;123__1_Nature&Sens_Bouygues;5;Appartement;;548000;456666.67;3712.74;4455.28;O;FALSE;FALSE;FALSE;0;Orliénas;69;01/05/2023;RUE ALEXANDRE LUIGINI 69530 Orliénas;2021-07-21;123;1;Nature&Sens;Bouygues
240;123__2_Nature&Sens_Bouygues;5;Appartement;;562000;468333.33;3807.59;4569.11;E;FALSE;FALSE;FALSE;1;Orliénas;69;01/05/2023;RUE ALEXANDRE LUIGINI 69530 Orliénas;2021-07-21;123;2;Nature&Sens;Bouygues
241;123__3_Nature&Sens_Bouygues;5;Appartement;;566000;471666.67;3834.69;4601.63;O;FALSE;FALSE;FALSE;1;Orliénas;69;01/05/2023;RUE ALEXANDRE LUIGINI 69530 Orliénas;2021-07-21;123;3;Nature&Sens;Bouygues
242;49_1_l'Apart_Bouygues;2;Appartement;;182562;152135;3101.63;3721.96;SE;FALSE;TRUE;FALSE;1;Vienne;38;01/11/2022;8 montée Bon Accueil 38200 Vienne;2021-07-21;49;1;l'Apart;Bouygues
243;46_1_l'Apart_Bouygues;2;Appartement;;182562;152135;3298.68;3958.41;NO;FALSE;TRUE;FALSE;1;Vienne;38;01/11/2022;8 montée Bon Accueil 38200 Vienne;2021-07-21;46;1;l'Apart;Bouygues
244;60_0_l'Apart_Bouygues;3;Appartement;196700;223734.5972;186445.5;3078.69;3694.43;SE;FALSE;TRUE;FALSE;1;Vienne;38;01/11/2022;8 montée Bon Accueil 38200 Vienne;2021-07-21;60;0;l'Apart;Bouygues
245;63_1_l'Apart_Bouygues;3;Appartement;201400;229080.5687;190900.47;2993.11;3591.73;E;FALSE;TRUE;FALSE;1;Vienne;38;01/11/2022;8 montée Bon Accueil 38200 Vienne;2021-07-21;63;1;l'Apart;Bouygues
246;63_2_l'Apart_Bouygues;3;Appartement;201400;229080.5687;190900.47;2993.58;3592.29;E;FALSE;TRUE;FALSE;1;Vienne;38;01/11/2022;8 montée Bon Accueil 38200 Vienne;2021-07-21;63;2;l'Apart;Bouygues
247;91_1_l'Apart_Bouygues;4;Appartement;282300;321099.5261;267582.94;2925.36;3510.44;Traversant;FALSE;TRUE;FALSE;1;Vienne;38;01/11/2022;8 montée Bon Accueil 38200 Vienne;2021-07-21;91;1;l'Apart;Bouygues
248;84_#PurCottage_Bouygues;4;Maison;;325000;270833.33;3191.53;3829.84;O;TRUE;FALSE;FALSE;1;Vaulx-en-Velin;69;01/11/2022;70 RUE FRANKLIN 69120 Vaulx-en-Velin;2021-07-21;84;;#PurCottage;Bouygues
249;80_#PurCottage_Bouygues;4;Maison;;330000;275000;3395.48;4074.58;O;TRUE;FALSE;FALSE;1;Vaulx-en-Velin;69;01/11/2022;70 RUE FRANKLIN 69120 Vaulx-en-Velin;2021-07-21;80;;#PurCottage;Bouygues
250;85_#PurCottage_Bouygues;4;Maison;;340000;283333.33;3329.03;3994.83;E;TRUE;FALSE;FALSE;1;Vaulx-en-Velin;69;01/11/2022;70 RUE FRANKLIN 69120 Vaulx-en-Velin;2021-07-21;85;;#PurCottage;Bouygues
251;85__1_#PurCottage_Bouygues;4;Maison;;340000;283333.33;3314.62;3977.54;E;TRUE;FALSE;FALSE;1;Vaulx-en-Velin;69;01/11/2022;70 RUE FRANKLIN 69120 Vaulx-en-Velin;2021-07-21;85;1;#PurCottage;Bouygues
252;88_#PurCottage_Bouygues;4;Maison;;340000;283333.33;3203.32;3843.98;O;TRUE;FALSE;FALSE;1;Vaulx-en-Velin;69;01/11/2022;70 RUE FRANKLIN 69120 Vaulx-en-Velin;2021-07-21;88;;#PurCottage;Bouygues
253;84__1_#PurCottage_Bouygues;4;Maison;;340000;283333.33;3343.96;4012.75;O;TRUE;FALSE;FALSE;1;Vaulx-en-Velin;69;01/11/2022;70 RUE FRANKLIN 69120 Vaulx-en-Velin;2021-07-21;84;1;#PurCottage;Bouygues
254;88__1_#PurCottage_Bouygues;4;Maison;;355000;295833.33;3334.46;4001.35;E;TRUE;FALSE;FALSE;1;Vaulx-en-Velin;69;01/11/2022;70 RUE FRANKLIN 69120 Vaulx-en-Velin;2021-07-21;88;1;#PurCottage;Bouygues
255;89_#PurCottage_Bouygues;4;Maison;;355000;295833.33;3295.09;3954.11;E;TRUE;FALSE;FALSE;1;Vaulx-en-Velin;69;01/11/2022;70 RUE FRANKLIN 69120 Vaulx-en-Velin;2021-07-21;89;;#PurCottage;Bouygues
256;94_#PurCottage_Bouygues;4;Maison;;355000;295833.33;3123.24;3747.89;O;TRUE;FALSE;FALSE;1;Vaulx-en-Velin;69;01/11/2022;70 RUE FRANKLIN 69120 Vaulx-en-Velin;2021-07-21;94;;#PurCottage;Bouygues
257;95_#PurCottage_Bouygues;4;Maison;;370000;308333.33;3243.22;3891.87;S;TRUE;FALSE;FALSE;1;Vaulx-en-Velin;69;01/11/2022;70 RUE FRANKLIN 69120 Vaulx-en-Velin;2021-07-21;95;;#PurCottage;Bouygues
258;44_1_LEQUADRANT_Bouygues;2;Appartement;;213840;178200;3984.79;4781.75;NO;FALSE;FALSE;FALSE;1;Brignais;69;01/02/2023;26 RUE PAUL BOVIER LAPIERRE 69530 Brignais;2021-07-21;44;1;LEQUADRANT;Bouygues
259;49_LEQUADRANT_Bouygues;2;Appartement;;254734;212278.33;4269.48;5123.37;SE;FALSE;FALSE;FALSE;1;Brignais;69;01/02/2023;26 RUE PAUL BOVIER LAPIERRE 69530 Brignais;2021-07-21;49;;LEQUADRANT;Bouygues
260;48_LEQUADRANT_Bouygues;2;Appartement;;261252;217710;4529.96;5435.96;NO;FALSE;FALSE;FALSE;1;Brignais;69;01/02/2023;26 RUE PAUL BOVIER LAPIERRE 69530 Brignais;2021-07-21;48;;LEQUADRANT;Bouygues
261;55_LEQUADRANT_Bouygues;2;Appartement;;271620;226350;4090.91;4909.09;NE;FALSE;FALSE;FALSE;1;Brignais;69;01/02/2023;26 RUE PAUL BOVIER LAPIERRE 69530 Brignais;2021-07-21;55;;LEQUADRANT;Bouygues
262;61_3_LEQUADRANT_Bouygues;3;Appartement;;284437;237030.83;3856.67;4628;O;FALSE;FALSE;FALSE;1;Brignais;69;01/02/2023;26 RUE PAUL BOVIER LAPIERRE 69530 Brignais;2021-07-21;61;3;LEQUADRANT;Bouygues
263;80_1_LEQUADRANT_Bouygues;4;Appartement;289964;329816.872;274847.39;3397.37;4076.85;SO;FALSE;FALSE;FALSE;1;Brignais;69;01/02/2023;26 RUE PAUL BOVIER LAPIERRE 69530 Brignais;2021-07-21;80;1;LEQUADRANT;Bouygues
264;87_2_LEQUADRANT_Bouygues;4;Appartement;310821;353540.4739;294617.06;3364.36;4037.23;SO;FALSE;FALSE;FALSE;1;Brignais;69;01/02/2023;26 RUE PAUL BOVIER LAPIERRE 69530 Brignais;2021-07-21;87;2;LEQUADRANT;Bouygues
265;87_1_LEQUADRANT_Bouygues;4;Appartement;313700;356815.1659;297345.97;3395.52;4074.63;SO;FALSE;FALSE;FALSE;1;Brignais;69;01/02/2023;26 RUE PAUL BOVIER LAPIERRE 69530 Brignais;2021-07-21;87;1;LEQUADRANT;Bouygues
266;98_1_LEQUADRANT_Bouygues;5;Appartement;349239;397238.673;331032.23;3359.37;4031.24;SE;FALSE;FALSE;FALSE;1;Brignais;69;01/02/2023;26 RUE PAUL BOVIER LAPIERRE 69530 Brignais;2021-07-21;98;1;LEQUADRANT;Bouygues
267;106_2_LEQUADRANT_Bouygues;5;Appartement;379183;431298.1991;359415.17;3372.26;4046.71;SO;FALSE;FALSE;FALSE;1;Brignais;69;01/02/2023;26 RUE PAUL BOVIER LAPIERRE 69530 Brignais;2021-07-21;106;2;LEQUADRANT;Bouygues
268;48_COLL'LODGES_Bouygues;2;Appartement;;294000;245000;5034.94;6041.92;O;FALSE;FALSE;FALSE;1;Collonges-au-Mont-d'Or;69;01/02/2024;rue des grand violets 69660 Collonges-au-Mont-d'Or;2021-07-21;48;;COLL'LODGES;Bouygues
269;45_COLL'LODGES_Bouygues;2;Appartement;;297000;247500;5432.4;6518.88;N;FALSE;FALSE;FALSE;1;Collonges-au-Mont-d'Or;69;01/02/2024;rue des grand violets 69660 Collonges-au-Mont-d'Or;2021-07-21;45;;COLL'LODGES;Bouygues
270;48__1_COLL'LODGES_Bouygues;2;Appartement;;322000;268333.33;5498.63;6598.36;O;FALSE;FALSE;FALSE;1;Collonges-au-Mont-d'Or;69;01/02/2024;rue des grand violets 69660 Collonges-au-Mont-d'Or;2021-07-21;48;1;COLL'LODGES;Bouygues
271;47_COLL'LODGES_Bouygues;2;Appartement;;336000;280000;5834.55;7001.46;S;FALSE;FALSE;FALSE;1;Collonges-au-Mont-d'Or;69;01/02/2024;rue des grand violets 69660 Collonges-au-Mont-d'Or;2021-07-21;47;;COLL'LODGES;Bouygues
272;60_1_COLL'LODGES_Bouygues;3;Appartement;;349000;290833.33;4829.51;5795.42;E;FALSE;FALSE;FALSE;1;Collonges-au-Mont-d'Or;69;01/02/2024;rue des grand violets 69660 Collonges-au-Mont-d'Or;2021-07-21;60;1;COLL'LODGES;Bouygues
273;65_COLL'LODGES_Bouygues;3;Appartement;;420000;350000;5330.49;6396.59;SO;FALSE;FALSE;FALSE;1;Collonges-au-Mont-d'Or;69;01/02/2024;rue des grand violets 69660 Collonges-au-Mont-d'Or;2021-07-21;65;;COLL'LODGES;Bouygues
274;65__1_COLL'LODGES_Bouygues;3;Appartement;;435000;362500;5537.73;6645.28;SO;FALSE;FALSE;FALSE;1;Collonges-au-Mont-d'Or;69;01/02/2024;rue des grand violets 69660 Collonges-au-Mont-d'Or;2021-07-21;65;1;COLL'LODGES;Bouygues
275;94_1_COLL'LODGES_Bouygues;4;Appartement;;499000;415833.33;4392.91;5271.5;NO;FALSE;FALSE;FALSE;1;Collonges-au-Mont-d'Or;69;01/02/2024;rue des grand violets 69660 Collonges-au-Mont-d'Or;2021-07-21;94;1;COLL'LODGES;Bouygues
276;88_COLL'LODGES_Bouygues;4;Appartement;;504000;420000;4769.48;5723.37;SE;FALSE;FALSE;FALSE;1;Collonges-au-Mont-d'Or;69;01/02/2024;rue des grand violets 69660 Collonges-au-Mont-d'Or;2021-07-21;88;;COLL'LODGES;Bouygues
277;102_1_COLL'LODGES_Bouygues;4;Appartement;;543000;452500;4397.9;5277.48;O;FALSE;FALSE;FALSE;1;Collonges-au-Mont-d'Or;69;01/02/2024;rue des grand violets 69660 Collonges-au-Mont-d'Or;2021-07-21;102;1;COLL'LODGES;Bouygues
278;89_1_COLL'LODGES_Bouygues;4;Appartement;;546000;455000;5106.62;6127.95;SO;FALSE;FALSE;FALSE;1;Collonges-au-Mont-d'Or;69;01/02/2024;rue des grand violets 69660 Collonges-au-Mont-d'Or;2021-07-21;89;1;COLL'LODGES;Bouygues
279;86_1_COLL'LODGES_Bouygues;4;Appartement;;553000;460833.33;5353.55;6424.26;SE;FALSE;FALSE;FALSE;1;Collonges-au-Mont-d'Or;69;01/02/2024;rue des grand violets 69660 Collonges-au-Mont-d'Or;2021-07-21;86;1;COLL'LODGES;Bouygues
280;99_1_COLL'LODGES_Bouygues;4;Appartement;;559000;465833.33;4663;5595.6;NE;FALSE;FALSE;FALSE;1;Collonges-au-Mont-d'Or;69;01/02/2024;rue des grand violets 69660 Collonges-au-Mont-d'Or;2021-07-21;99;1;COLL'LODGES;Bouygues
281;94_1__1_COLL'LODGES_Bouygues;4;Appartement;;586000;488333.33;5156.63;6187.96;SE;FALSE;FALSE;FALSE;1;Collonges-au-Mont-d'Or;69;01/02/2024;rue des grand violets 69660 Collonges-au-Mont-d'Or;2021-07-21;94;11;COLL'LODGES;Bouygues
282;95_1_COLL'LODGES_Bouygues;4;Appartement;;589000;490833.33;5127.8;6153.36;O;FALSE;FALSE;FALSE;1;Collonges-au-Mont-d'Or;69;01/02/2024;rue des grand violets 69660 Collonges-au-Mont-d'Or;2021-07-21;95;1;COLL'LODGES;Bouygues
283;90_1_COLL'LODGES_Bouygues;4;Appartement;;599000;499166.67;5532.16;6638.59;S;FALSE;FALSE;FALSE;1;Collonges-au-Mont-d'Or;69;01/02/2024;rue des grand violets 69660 Collonges-au-Mont-d'Or;2021-07-21;90;1;COLL'LODGES;Bouygues
284;101_1_COLL'LODGES_Bouygues;4;Appartement;;624000;520000;5130.23;6156.27;O;FALSE;FALSE;FALSE;1;Collonges-au-Mont-d'Or;69;01/02/2024;rue des grand violets 69660 Collonges-au-Mont-d'Or;2021-07-21;101;1;COLL'LODGES;Bouygues
285;102_1__1_COLL'LODGES_Bouygues;4;Appartement;;649000;540833.33;5287.77;6345.33;SO;FALSE;FALSE;FALSE;1;Collonges-au-Mont-d'Or;69;01/02/2024;rue des grand violets 69660 Collonges-au-Mont-d'Or;2021-07-21;102;11;COLL'LODGES;Bouygues
286;42_1_NEO_Bouygues;2;Appartement;;279000;232500;5444.96;6533.96;E / S;FALSE;FALSE;FALSE;1;Lyon;69;01/02/2023;53-55-57-59 rue Hugues Guérin 69008 Lyon;2021-07-21;42;1;NEO;Bouygues
287;42_2_NEO_Bouygues;2;Appartement;;284000;236666.67;5542.54;6651.05;E / S;FALSE;FALSE;FALSE;1;Lyon;69;01/02/2023;53-55-57-59 rue Hugues Guérin 69008 Lyon;2021-07-21;42;2;NEO;Bouygues
288;65_NEO_Bouygues;3;Appartement;;312700;260583.33;3959.03;4750.84;E / N;FALSE;FALSE;FALSE;0;Lyon;69;01/02/2023;53-55-57-59 rue Hugues Guérin 69008 Lyon;2021-07-21;65;;NEO;Bouygues
289;65_1_NEO_Bouygues;3;Appartement;;350700;292250;4440.14;5328.17;E / N;TRUE;FALSE;FALSE;1;Lyon;69;01/02/2023;53-55-57-59 rue Hugues Guérin 69008 Lyon;2021-07-21;65;1;NEO;Bouygues
290;65_2_NEO_Bouygues;3;Appartement;;360700;300583.33;4566.75;5480.1;E / N;FALSE;FALSE;FALSE;1;Lyon;69;01/02/2023;53-55-57-59 rue Hugues Guérin 69008 Lyon;2021-07-21;65;2;NEO;Bouygues
291;65_3_NEO_Bouygues;3;Appartement;;370700;308916.67;4693.36;5632.03;E / N;FALSE;FALSE;FALSE;1;Lyon;69;01/02/2023;53-55-57-59 rue Hugues Guérin 69008 Lyon;2021-07-21;65;3;NEO;Bouygues
292;63_NEO_Bouygues;3;Maison;;390500;325416.67;5116.61;6139.94;O / E;TRUE;FALSE;FALSE;1;Lyon;69;01/02/2023;53-55-57-59 rue Hugues Guérin 69008 Lyon;2021-07-21;63;;NEO;Bouygues
293;69_5_NEO_Bouygues;3;Appartement;;431500;359583.33;5206.82;6248.19;E;TRUE;FALSE;FALSE;1;Lyon;69;01/02/2023;53-55-57-59 rue Hugues Guérin 69008 Lyon;2021-07-21;69;5;NEO;Bouygues
294;94_5_NEO_Bouygues;4;Appartement;;526700;438916.67;4646.1;5575.31;E;TRUE;FALSE;FALSE;1;Lyon;69;01/02/2023;53-55-57-59 rue Hugues Guérin 69008 Lyon;2021-07-21;94;5;NEO;Bouygues
295;99_4_NEO_Bouygues;4;Appartement;;538800;449000;4497.65;5397.18;S / E;TRUE;FALSE;FALSE;1;Lyon;69;01/02/2023;53-55-57-59 rue Hugues Guérin 69008 Lyon;2021-07-21;99;4;NEO;Bouygues
296;112_4_NEO_Bouygues;5;Appartement;;617500;514583.33;4565.15;5478.18;O / S;TRUE;FALSE;FALSE;1;Lyon;69;01/02/2023;53-55-57-59 rue Hugues Guérin 69008 Lyon;2021-07-21;112;4;NEO;Bouygues
297;120_3_NEO_Bouygues;5;Appartement;;643000;535833.33;4450.44;5340.53;O / N;TRUE;FALSE;FALSE;1;Lyon;69;01/02/2023;53-55-57-59 rue Hugues Guérin 69008 Lyon;2021-07-21;120;3;NEO;Bouygues
298;44_1_InspiR'_Bouygues;2;Appartement;;170000;141666.67;3216.04;3859.25;NO;FALSE;TRUE;FALSE;1;Domène;38;01/02/2024;83 rue des brassières 38420 Domène;2021-07-21;44;1;InspiR';Bouygues
299;46_2_InspiR'_Bouygues;2;Appartement;;180000;150000;3208.56;3850.27;NE;FALSE;TRUE;FALSE;1;Domène;38;01/02/2024;83 rue des brassières 38420 Domène;2021-07-21;46;2;InspiR';Bouygues
300;63_1_InspiR'_Bouygues;3;Appartement;;227000;189166.67;2976.66;3571.99;SO;FALSE;TRUE;FALSE;0;Domène;38;01/02/2024;83 rue des brassières 38420 Domène;2021-07-21;63;1;InspiR';Bouygues
301;63_InspiR'_Bouygues;3;Appartement;;243500;202916.67;3196.54;3835.85;SO;FALSE;FALSE;FALSE;1;Domène;38;01/02/2024;83 rue des brassières 38420 Domène;2021-07-21;63;;InspiR';Bouygues
302;67_1_InspiR'_Bouygues;3;Appartement;;245500;204583.33;3032.21;3638.65;SE;FALSE;TRUE;FALSE;1;Domène;38;01/02/2024;83 rue des brassières 38420 Domène;2021-07-21;67;1;InspiR';Bouygues
303;67_InspiR'_Bouygues;3;Appartement;;246500;205416.67;3044.56;3653.48;SE;FALSE;FALSE;FALSE;1;Domène;38;01/02/2024;83 rue des brassières 38420 Domène;2021-07-21;67;;InspiR';Bouygues
304;63_2_InspiR'_Bouygues;3;Appartement;;247000;205833.33;3238.92;3886.7;SO;FALSE;FALSE;FALSE;1;Domène;38;01/02/2024;83 rue des brassières 38420 Domène;2021-07-21;63;2;InspiR';Bouygues
305;63_2__1_InspiR'_Bouygues;3;Appartement;;262000;218333.33;3431.3;4117.55;SE;FALSE;FALSE;FALSE;1;Domène;38;01/02/2024;83 rue des brassières 38420 Domène;2021-07-21;63;21;InspiR';Bouygues
306;63_2__2_InspiR'_Bouygues;3;Appartement;;273500;227916.67;3583.6;4300.31;SE;TRUE;FALSE;FALSE;1;Domène;38;01/02/2024;83 rue des brassières 38420 Domène;2021-07-21;63;22;InspiR';Bouygues
307;82_1_InspiR'_Bouygues;4;Appartement;;282000;235000;2841.6;3409.92;SO;FALSE;TRUE;FALSE;0;Domène;38;01/02/2024;83 rue des brassières 38420 Domène;2021-07-21;82;1;InspiR';Bouygues
308;82_2_InspiR'_Bouygues;4;Appartement;;310000;258333.33;3123.74;3748.49;SO;FALSE;FALSE;FALSE;1;Domène;38;01/02/2024;83 rue des brassières 38420 Domène;2021-07-21;82;2;InspiR';Bouygues
309;89_1_InspiR'_Bouygues;4;Appartement;;312000;260000;2907.63;3489.15;SE;FALSE;FALSE;FALSE;1;Domène;38;01/02/2024;83 rue des brassières 38420 Domène;2021-07-21;89;1;InspiR';Bouygues
310;89_InspiR'_Bouygues;4;Appartement;;327000;272500;3048.1;3657.72;SE;FALSE;FALSE;FALSE;1;Domène;38;01/02/2024;83 rue des brassières 38420 Domène;2021-07-21;89;;InspiR';Bouygues
311;66_PREAMBULE_Bouygues;3;Appartement;;254000;211666.67;3182;3818.4;S;FALSE;TRUE;FALSE;1;Vénissieux;69;01/05/2023;103 AVENUE JULES GUESDE 69200 Vénissieux;2021-07-21;66;;PREAMBULE;Bouygues
312;67_1_PREAMBULE_Bouygues;3;Appartement;;261000;217500;3216.03;3859.23;S;TRUE;FALSE;FALSE;1;Vénissieux;69;01/05/2023;103 AVENUE JULES GUESDE 69200 Vénissieux;2021-07-21;67;1;PREAMBULE;Bouygues
313;64_1_PREAMBULE_Bouygues;3;Appartement;;268000;223333.33;3445.44;4134.53;O;FALSE;TRUE;FALSE;1;Vénissieux;69;01/05/2023;103 AVENUE JULES GUESDE 69200 Vénissieux;2021-07-21;64;1;PREAMBULE;Bouygues
314;62_2_PREAMBULE_Bouygues;3;Appartement;;269000;224166.67;3596.45;4315.74;E;TRUE;FALSE;FALSE;1;Vénissieux;69;01/05/2023;103 AVENUE JULES GUESDE 69200 Vénissieux;2021-07-21;62;2;PREAMBULE;Bouygues